0 verbose cli /opt/homebrew/Cellar/node/24.8.0/bin/node /opt/homebrew/bin/npm
1 info using npm@11.6.0
2 info using node@v24.8.0
3 silly config load:file:/opt/homebrew/lib/node_modules/npm/npmrc
4 silly config load:file:/Users/gersonbarrientos/Documents/GitHub/Mood Brew/.npmrc
5 silly config load:file:/Users/gersonbarrientos/.npmrc
6 silly config load:file:/opt/homebrew/etc/npmrc
7 verbose title npm install
8 verbose argv "install"
9 verbose logfile logs-max:10 dir:/Users/gersonbarrientos/Documents/GitHub/Mood Brew/.npm-cache/_logs/2026-05-17T20_17_50_917Z-
10 verbose logfile /Users/gersonbarrientos/Documents/GitHub/Mood Brew/.npm-cache/_logs/2026-05-17T20_17_50_917Z-debug-0.log
11 silly logfile done cleaning log files
12 silly packumentCache heap:2348810240 maxSize:587202560 maxEntrySize:293601280
13 silly idealTree buildDeps
14 silly fetch manifest react@^19.1.0
15 silly packumentCache full:https://registry.npmjs.org/react cache-miss
16 http fetch GET 200 https://registry.npmjs.org/npm 203ms
17 http fetch GET 200 https://registry.npmjs.org/react 271ms (cache miss)
18 silly packumentCache full:https://registry.npmjs.org/react set size:undefined disposed:false
19 silly fetch manifest react-dom@^19.1.0
20 silly packumentCache full:https://registry.npmjs.org/react-dom cache-miss
21 http fetch GET 200 https://registry.npmjs.org/react-dom 165ms (cache miss)
22 silly packumentCache full:https://registry.npmjs.org/react-dom set size:undefined disposed:false
23 silly fetch manifest @types/react@^19.1.8
24 silly packumentCache full:https://registry.npmjs.org/@types%2freact cache-miss
25 http fetch GET 200 https://registry.npmjs.org/@types%2freact 117ms (cache miss)
26 silly packumentCache full:https://registry.npmjs.org/@types%2freact set size:undefined disposed:false
27 silly fetch manifest @types/react-dom@^19.1.6
28 silly packumentCache full:https://registry.npmjs.org/@types%2freact-dom cache-miss
29 http fetch GET 200 https://registry.npmjs.org/@types%2freact-dom 60ms (cache miss)
30 silly packumentCache full:https://registry.npmjs.org/@types%2freact-dom set size:undefined disposed:false
31 silly fetch manifest @vitejs/plugin-react@^4.6.0
32 silly packumentCache full:https://registry.npmjs.org/@vitejs%2fplugin-react cache-miss
33 http fetch GET 200 https://registry.npmjs.org/@vitejs%2fplugin-react 62ms (cache miss)
34 silly packumentCache full:https://registry.npmjs.org/@vitejs%2fplugin-react set size:undefined disposed:false
35 silly fetch manifest autoprefixer@10.4.20
36 silly packumentCache full:https://registry.npmjs.org/autoprefixer cache-miss
37 http fetch GET 200 https://registry.npmjs.org/autoprefixer 51ms (cache miss)
38 silly packumentCache full:https://registry.npmjs.org/autoprefixer set size:undefined disposed:false
39 silly fetch manifest postcss@8.4.49
40 silly packumentCache full:https://registry.npmjs.org/postcss cache-miss
41 http fetch GET 200 https://registry.npmjs.org/postcss 53ms (cache miss)
42 silly packumentCache full:https://registry.npmjs.org/postcss set size:undefined disposed:false
43 silly fetch manifest tailwindcss@^3.4.17
44 silly packumentCache full:https://registry.npmjs.org/tailwindcss cache-miss
45 http fetch GET 200 https://registry.npmjs.org/tailwindcss 174ms (cache miss)
46 silly packumentCache full:https://registry.npmjs.org/tailwindcss set size:undefined disposed:false
47 silly fetch manifest typescript@^5.8.3
48 silly packumentCache full:https://registry.npmjs.org/typescript cache-miss
49 http fetch GET 200 https://registry.npmjs.org/typescript 321ms (cache miss)
50 silly packumentCache full:https://registry.npmjs.org/typescript set size:undefined disposed:false
51 silly fetch manifest vite@^7.1.2
52 silly packumentCache full:https://registry.npmjs.org/vite cache-miss
53 http fetch GET 200 https://registry.npmjs.org/vite 1222ms (cache miss)
54 silly packumentCache full:https://registry.npmjs.org/vite set size:undefined disposed:false
55 silly placeDep ROOT @types/react@19.2.14 OK for: mood-brew@0.0.0 want: ^19.1.8
56 silly placeDep ROOT @types/react-dom@19.2.3 OK for: mood-brew@0.0.0 want: ^19.1.6
57 silly placeDep ROOT @vitejs/plugin-react@4.7.0 OK for: mood-brew@0.0.0 want: ^4.6.0
58 silly placeDep ROOT autoprefixer@10.4.20 OK for: mood-brew@0.0.0 want: 10.4.20
59 silly placeDep ROOT postcss@8.4.49 OK for: mood-brew@0.0.0 want: 8.4.49
60 silly placeDep ROOT react@19.2.6 OK for: mood-brew@0.0.0 want: ^19.1.0
61 silly placeDep ROOT react-dom@19.2.6 OK for: mood-brew@0.0.0 want: ^19.1.0
62 silly placeDep ROOT tailwindcss@3.4.19 OK for: mood-brew@0.0.0 want: ^3.4.17
63 silly placeDep ROOT typescript@5.9.3 OK for: mood-brew@0.0.0 want: ^5.8.3
64 silly placeDep ROOT vite@7.3.3 OK for: mood-brew@0.0.0 want: ^7.1.2
65 silly fetch manifest csstype@^3.2.2
66 silly packumentCache full:https://registry.npmjs.org/csstype cache-miss
67 silly fetch manifest @babel/core@^7.28.0
68 silly packumentCache full:https://registry.npmjs.org/@babel%2fcore cache-miss
69 silly fetch manifest react-refresh@^0.17.0
70 silly packumentCache full:https://registry.npmjs.org/react-refresh cache-miss
71 silly fetch manifest @types/babel__core@^7.20.5
72 silly packumentCache full:https://registry.npmjs.org/@types%2fbabel__core cache-miss
73 silly fetch manifest @rolldown/pluginutils@1.0.0-beta.27
74 silly packumentCache full:https://registry.npmjs.org/@rolldown%2fpluginutils cache-miss
75 silly fetch manifest @babel/plugin-transform-react-jsx-self@^7.27.1
76 silly packumentCache full:https://registry.npmjs.org/@babel%2fplugin-transform-react-jsx-self cache-miss
77 silly fetch manifest @babel/plugin-transform-react-jsx-source@^7.27.1
78 silly packumentCache full:https://registry.npmjs.org/@babel%2fplugin-transform-react-jsx-source cache-miss
79 http fetch GET 200 https://registry.npmjs.org/csstype 52ms (cache miss)
80 silly packumentCache full:https://registry.npmjs.org/csstype set size:undefined disposed:false
81 silly fetch manifest picocolors@^1.0.1
82 silly packumentCache full:https://registry.npmjs.org/picocolors cache-miss
83 http fetch GET 200 https://registry.npmjs.org/@babel%2fcore 79ms (cache miss)
84 silly packumentCache full:https://registry.npmjs.org/@babel%2fcore set size:undefined disposed:false
85 silly fetch manifest fraction.js@^4.3.7
86 silly packumentCache full:https://registry.npmjs.org/fraction.js cache-miss
87 http fetch GET 200 https://registry.npmjs.org/picocolors 49ms (cache miss)
88 silly packumentCache full:https://registry.npmjs.org/picocolors set size:undefined disposed:false
89 silly fetch manifest browserslist@^4.23.3
90 silly packumentCache full:https://registry.npmjs.org/browserslist cache-miss
91 http fetch GET 200 https://registry.npmjs.org/fraction.js 31ms (cache miss)
92 silly packumentCache full:https://registry.npmjs.org/fraction.js set size:undefined disposed:false
93 silly fetch manifest caniuse-lite@^1.0.30001646
94 silly packumentCache full:https://registry.npmjs.org/caniuse-lite cache-miss
95 http fetch GET 200 https://registry.npmjs.org/@babel%2fplugin-transform-react-jsx-self 131ms (cache miss)
96 silly packumentCache full:https://registry.npmjs.org/@babel%2fplugin-transform-react-jsx-self set size:undefined disposed:false
97 silly fetch manifest normalize-range@^0.1.2
98 silly packumentCache full:https://registry.npmjs.org/normalize-range cache-miss
99 http fetch GET 200 https://registry.npmjs.org/@rolldown%2fpluginutils 138ms (cache miss)
100 silly packumentCache full:https://registry.npmjs.org/@rolldown%2fpluginutils set size:undefined disposed:false
101 silly fetch manifest postcss-value-parser@^4.2.0
102 silly packumentCache full:https://registry.npmjs.org/postcss-value-parser cache-miss
103 http fetch GET 200 https://registry.npmjs.org/@types%2fbabel__core 141ms (cache miss)
104 silly packumentCache full:https://registry.npmjs.org/@types%2fbabel__core set size:undefined disposed:false
105 silly fetch manifest nanoid@^3.3.7
106 silly packumentCache full:https://registry.npmjs.org/nanoid cache-miss
107 http fetch GET 200 https://registry.npmjs.org/@babel%2fplugin-transform-react-jsx-source 158ms (cache miss)
108 silly packumentCache full:https://registry.npmjs.org/@babel%2fplugin-transform-react-jsx-source set size:undefined disposed:false
109 silly fetch manifest picocolors@^1.1.1
110 silly packumentCache full:https://registry.npmjs.org/picocolors cache-miss
111 http cache https://registry.npmjs.org/picocolors 3ms (cache hit)
112 silly packumentCache full:https://registry.npmjs.org/picocolors set size:16648 disposed:false
113 silly fetch manifest source-map-js@^1.2.1
114 silly packumentCache full:https://registry.npmjs.org/source-map-js cache-miss
115 http fetch GET 200 https://registry.npmjs.org/browserslist 67ms (cache miss)
116 silly packumentCache full:https://registry.npmjs.org/browserslist set size:undefined disposed:false
117 silly fetch manifest scheduler@^0.27.0
118 silly packumentCache full:https://registry.npmjs.org/scheduler cache-miss
119 http fetch GET 200 https://registry.npmjs.org/normalize-range 63ms (cache miss)
120 silly packumentCache full:https://registry.npmjs.org/normalize-range set size:undefined disposed:false
121 silly fetch manifest arg@^5.0.2
122 silly packumentCache full:https://registry.npmjs.org/arg cache-miss
123 http fetch GET 200 https://registry.npmjs.org/postcss-value-parser 59ms (cache miss)
124 silly packumentCache full:https://registry.npmjs.org/postcss-value-parser set size:undefined disposed:false
125 silly fetch manifest dlv@^1.1.3
126 silly packumentCache full:https://registry.npmjs.org/dlv cache-miss
127 http fetch GET 200 https://registry.npmjs.org/caniuse-lite 92ms (cache miss)
128 silly packumentCache full:https://registry.npmjs.org/caniuse-lite set size:undefined disposed:false
129 silly fetch manifest jiti@^1.21.7
130 silly packumentCache full:https://registry.npmjs.org/jiti cache-miss
131 http fetch GET 200 https://registry.npmjs.org/source-map-js 53ms (cache miss)
132 silly packumentCache full:https://registry.npmjs.org/source-map-js set size:undefined disposed:false
133 silly fetch manifest is-glob@^4.0.3
134 silly packumentCache full:https://registry.npmjs.org/is-glob cache-miss
135 http fetch GET 200 https://registry.npmjs.org/nanoid 79ms (cache miss)
136 silly packumentCache full:https://registry.npmjs.org/nanoid set size:undefined disposed:false
137 silly fetch manifest resolve@^1.22.8
138 silly packumentCache full:https://registry.npmjs.org/resolve cache-miss
139 http fetch GET 200 https://registry.npmjs.org/arg 40ms (cache miss)
140 silly packumentCache full:https://registry.npmjs.org/arg set size:undefined disposed:false
141 silly fetch manifest sucrase@^3.35.0
142 silly packumentCache full:https://registry.npmjs.org/sucrase cache-miss
143 http fetch GET 200 https://registry.npmjs.org/dlv 45ms (cache miss)
144 silly packumentCache full:https://registry.npmjs.org/dlv set size:undefined disposed:false
145 silly fetch manifest chokidar@^3.6.0
146 silly packumentCache full:https://registry.npmjs.org/chokidar cache-miss
147 http fetch GET 200 https://registry.npmjs.org/react-refresh 263ms (cache miss)
148 silly packumentCache full:https://registry.npmjs.org/react-refresh set size:undefined disposed:false
149 silly fetch manifest fast-glob@^3.3.2
150 silly packumentCache full:https://registry.npmjs.org/fast-glob cache-miss
151 http fetch GET 200 https://registry.npmjs.org/is-glob 75ms (cache miss)
152 silly packumentCache full:https://registry.npmjs.org/is-glob set size:undefined disposed:false
153 silly fetch manifest lilconfig@^3.1.3
154 silly packumentCache full:https://registry.npmjs.org/lilconfig cache-miss
155 http fetch GET 200 https://registry.npmjs.org/jiti 80ms (cache miss)
156 silly packumentCache full:https://registry.npmjs.org/jiti set size:undefined disposed:false
157 silly fetch manifest didyoumean@^1.2.2
158 silly packumentCache full:https://registry.npmjs.org/didyoumean cache-miss
159 http fetch GET 200 https://registry.npmjs.org/resolve 74ms (cache miss)
160 silly packumentCache full:https://registry.npmjs.org/resolve set size:undefined disposed:false
161 silly fetch manifest micromatch@^4.0.8
162 silly packumentCache full:https://registry.npmjs.org/micromatch cache-miss
163 http fetch GET 200 https://registry.npmjs.org/sucrase 65ms (cache miss)
164 silly packumentCache full:https://registry.npmjs.org/sucrase set size:undefined disposed:false
165 silly fetch manifest postcss-js@^4.0.1
166 silly packumentCache full:https://registry.npmjs.org/postcss-js cache-miss
167 http fetch GET 200 https://registry.npmjs.org/chokidar 61ms (cache miss)
168 silly packumentCache full:https://registry.npmjs.org/chokidar set size:undefined disposed:false
169 silly fetch manifest glob-parent@^6.0.2
170 silly packumentCache full:https://registry.npmjs.org/glob-parent cache-miss
171 http fetch GET 200 https://registry.npmjs.org/fast-glob 36ms (cache miss)
172 silly packumentCache full:https://registry.npmjs.org/fast-glob set size:undefined disposed:false
173 silly fetch manifest object-hash@^3.0.0
174 silly packumentCache full:https://registry.npmjs.org/object-hash cache-miss
175 http fetch GET 200 https://registry.npmjs.org/lilconfig 39ms (cache miss)
176 silly packumentCache full:https://registry.npmjs.org/lilconfig set size:undefined disposed:false
177 silly fetch manifest normalize-path@^3.0.0
178 silly packumentCache full:https://registry.npmjs.org/normalize-path cache-miss
179 http fetch GET 200 https://registry.npmjs.org/didyoumean 43ms (cache miss)
180 silly packumentCache full:https://registry.npmjs.org/didyoumean set size:undefined disposed:false
181 silly fetch manifest postcss-import@^15.1.0
182 silly packumentCache full:https://registry.npmjs.org/postcss-import cache-miss
183 http fetch GET 200 https://registry.npmjs.org/postcss-js 39ms (cache miss)
184 silly packumentCache full:https://registry.npmjs.org/postcss-js set size:undefined disposed:false
185 silly fetch manifest postcss-nested@^6.2.0
186 silly packumentCache full:https://registry.npmjs.org/postcss-nested cache-miss
187 http fetch GET 200 https://registry.npmjs.org/glob-parent 50ms (cache miss)
188 silly packumentCache full:https://registry.npmjs.org/glob-parent set size:undefined disposed:false
189 silly fetch manifest @alloc/quick-lru@^5.2.0
190 silly packumentCache full:https://registry.npmjs.org/@alloc%2fquick-lru cache-miss
191 http fetch GET 200 https://registry.npmjs.org/object-hash 35ms (cache miss)
192 silly packumentCache full:https://registry.npmjs.org/object-hash set size:undefined disposed:false
193 silly fetch manifest postcss-load-config@^4.0.2 || ^5.0 || ^6.0
194 silly packumentCache full:https://registry.npmjs.org/postcss-load-config cache-miss
195 http fetch GET 200 https://registry.npmjs.org/micromatch 67ms (cache miss)
196 silly packumentCache full:https://registry.npmjs.org/micromatch set size:undefined disposed:false
197 silly fetch manifest postcss-selector-parser@^6.1.2
198 silly packumentCache full:https://registry.npmjs.org/postcss-selector-parser cache-miss
199 http fetch GET 200 https://registry.npmjs.org/normalize-path 40ms (cache miss)
200 silly packumentCache full:https://registry.npmjs.org/normalize-path set size:undefined disposed:false
201 silly fetch manifest fdir@^6.5.0
202 silly packumentCache full:https://registry.npmjs.org/fdir cache-miss
203 http fetch GET 200 https://registry.npmjs.org/scheduler 208ms (cache miss)
204 silly packumentCache full:https://registry.npmjs.org/scheduler set size:undefined disposed:false
205 silly fetch manifest rollup@^4.43.0
206 silly packumentCache full:https://registry.npmjs.org/rollup cache-miss
207 http fetch GET 200 https://registry.npmjs.org/@alloc%2fquick-lru 55ms (cache miss)
208 silly packumentCache full:https://registry.npmjs.org/@alloc%2fquick-lru set size:undefined disposed:false
209 silly fetch manifest esbuild@^0.27.0
210 silly packumentCache full:https://registry.npmjs.org/esbuild cache-miss
211 http fetch GET 200 https://registry.npmjs.org/fdir 41ms (cache miss)
212 silly packumentCache full:https://registry.npmjs.org/fdir set size:undefined disposed:false
213 silly fetch manifest postcss@^8.5.6
214 silly packumentCache full:https://registry.npmjs.org/postcss cache-miss
215 http fetch GET 200 https://registry.npmjs.org/postcss-nested 73ms (cache miss)
216 silly packumentCache full:https://registry.npmjs.org/postcss-nested set size:undefined disposed:false
217 silly fetch manifest picomatch@^4.0.3
218 silly packumentCache full:https://registry.npmjs.org/picomatch cache-miss
219 http fetch GET 200 https://registry.npmjs.org/postcss-load-config 58ms (cache miss)
220 silly packumentCache full:https://registry.npmjs.org/postcss-load-config set size:undefined disposed:false
221 silly fetch manifest tinyglobby@^0.2.15
222 silly packumentCache full:https://registry.npmjs.org/tinyglobby cache-miss
223 http fetch GET 200 https://registry.npmjs.org/postcss-import 80ms (cache miss)
224 silly packumentCache full:https://registry.npmjs.org/postcss-import set size:undefined disposed:false
225 silly fetch manifest fsevents@~2.3.3
226 silly packumentCache full:https://registry.npmjs.org/fsevents cache-miss
227 http cache https://registry.npmjs.org/postcss 9ms (cache hit)
228 silly packumentCache full:https://registry.npmjs.org/postcss set size:720302 disposed:false
229 http fetch GET 200 https://registry.npmjs.org/postcss-selector-parser 66ms (cache miss)
230 silly packumentCache full:https://registry.npmjs.org/postcss-selector-parser set size:undefined disposed:false
231 http fetch GET 200 https://registry.npmjs.org/tinyglobby 46ms (cache miss)
232 silly packumentCache full:https://registry.npmjs.org/tinyglobby set size:undefined disposed:false
233 http fetch GET 200 https://registry.npmjs.org/picomatch 49ms (cache miss)
234 silly packumentCache full:https://registry.npmjs.org/picomatch set size:undefined disposed:false
235 http fetch GET 200 https://registry.npmjs.org/fsevents 47ms (cache miss)
236 silly packumentCache full:https://registry.npmjs.org/fsevents set size:undefined disposed:false
237 http fetch GET 200 https://registry.npmjs.org/esbuild 120ms (cache miss)
238 silly packumentCache full:https://registry.npmjs.org/esbuild set size:undefined disposed:false
239 http fetch GET 200 https://registry.npmjs.org/rollup 161ms (cache miss)
240 silly packumentCache full:https://registry.npmjs.org/rollup set size:undefined disposed:false
241 silly placeDep ROOT csstype@3.2.3 OK for: @types/react@19.2.14 want: ^3.2.2
242 silly placeDep ROOT @babel/core@7.29.0 OK for: @vitejs/plugin-react@4.7.0 want: ^7.28.0
243 silly placeDep ROOT @babel/plugin-transform-react-jsx-self@7.27.1 OK for: @vitejs/plugin-react@4.7.0 want: ^7.27.1
244 silly placeDep ROOT @babel/plugin-transform-react-jsx-source@7.27.1 OK for: @vitejs/plugin-react@4.7.0 want: ^7.27.1
245 silly placeDep ROOT @rolldown/pluginutils@1.0.0-beta.27 OK for: @vitejs/plugin-react@4.7.0 want: 1.0.0-beta.27
246 silly placeDep ROOT @types/babel__core@7.20.5 OK for: @vitejs/plugin-react@4.7.0 want: ^7.20.5
247 silly placeDep ROOT react-refresh@0.17.0 OK for: @vitejs/plugin-react@4.7.0 want: ^0.17.0
248 silly fetch manifest debug@^4.1.0
249 silly packumentCache full:https://registry.npmjs.org/debug cache-miss
250 silly fetch manifest json5@^2.2.3
251 silly packumentCache full:https://registry.npmjs.org/json5 cache-miss
252 silly fetch manifest semver@^6.3.1
253 silly packumentCache full:https://registry.npmjs.org/semver cache-miss
254 silly fetch manifest gensync@^1.0.0-beta.2
255 silly packumentCache full:https://registry.npmjs.org/gensync cache-miss
256 silly fetch manifest @babel/types@^7.29.0
257 silly packumentCache full:https://registry.npmjs.org/@babel%2ftypes cache-miss
258 silly fetch manifest @babel/parser@^7.29.0
259 silly packumentCache full:https://registry.npmjs.org/@babel%2fparser cache-miss
260 silly fetch manifest @babel/helpers@^7.28.6
261 silly packumentCache full:https://registry.npmjs.org/@babel%2fhelpers cache-miss
262 http fetch GET 200 https://registry.npmjs.org/gensync 41ms (cache miss)
263 silly packumentCache full:https://registry.npmjs.org/gensync set size:undefined disposed:false
264 silly fetch manifest @babel/template@^7.28.6
265 silly packumentCache full:https://registry.npmjs.org/@babel%2ftemplate cache-miss
266 http fetch GET 200 https://registry.npmjs.org/semver 43ms (cache miss)
267 silly packumentCache full:https://registry.npmjs.org/semver set size:undefined disposed:false
268 silly fetch manifest @babel/traverse@^7.29.0
269 silly packumentCache full:https://registry.npmjs.org/@babel%2ftraverse cache-miss
270 http fetch GET 200 https://registry.npmjs.org/json5 54ms (cache miss)
271 silly packumentCache full:https://registry.npmjs.org/json5 set size:undefined disposed:false
272 silly fetch manifest @babel/generator@^7.29.0
273 silly packumentCache full:https://registry.npmjs.org/@babel%2fgenerator cache-miss
274 http fetch GET 200 https://registry.npmjs.org/debug 56ms (cache miss)
275 silly packumentCache full:https://registry.npmjs.org/debug set size:undefined disposed:false
276 silly fetch manifest @babel/code-frame@^7.29.0
277 silly packumentCache full:https://registry.npmjs.org/@babel%2fcode-frame cache-miss
278 http fetch GET 200 https://registry.npmjs.org/@babel%2ftypes 60ms (cache miss)
279 silly packumentCache full:https://registry.npmjs.org/@babel%2ftypes set size:undefined disposed:false
280 silly fetch manifest convert-source-map@^2.0.0
281 silly packumentCache full:https://registry.npmjs.org/convert-source-map cache-miss
282 http fetch GET 200 https://registry.npmjs.org/@babel%2fhelpers 61ms (cache miss)
283 silly packumentCache full:https://registry.npmjs.org/@babel%2fhelpers set size:undefined disposed:false
284 silly fetch manifest @jridgewell/remapping@^2.3.5
285 silly packumentCache full:https://registry.npmjs.org/@jridgewell%2fremapping cache-miss
286 http fetch GET 200 https://registry.npmjs.org/@babel%2fparser 74ms (cache miss)
287 silly packumentCache full:https://registry.npmjs.org/@babel%2fparser set size:undefined disposed:false
288 silly fetch manifest @babel/helper-module-transforms@^7.28.6
289 silly packumentCache full:https://registry.npmjs.org/@babel%2fhelper-module-transforms cache-miss
290 http fetch GET 200 https://registry.npmjs.org/convert-source-map 37ms (cache miss)
291 silly packumentCache full:https://registry.npmjs.org/convert-source-map set size:undefined disposed:false
292 silly fetch manifest @babel/helper-compilation-targets@^7.28.6
293 silly packumentCache full:https://registry.npmjs.org/@babel%2fhelper-compilation-targets cache-miss
294 http fetch GET 200 https://registry.npmjs.org/@babel%2ftraverse 60ms (cache miss)
295 silly packumentCache full:https://registry.npmjs.org/@babel%2ftraverse set size:undefined disposed:false
296 silly fetch manifest @babel/helper-plugin-utils@^7.27.1
297 silly packumentCache full:https://registry.npmjs.org/@babel%2fhelper-plugin-utils cache-miss
298 http fetch GET 200 https://registry.npmjs.org/@babel%2ftemplate 67ms (cache miss)
299 silly packumentCache full:https://registry.npmjs.org/@babel%2ftemplate set size:undefined disposed:false
300 silly fetch manifest @babel/helper-plugin-utils@^7.27.1
301 silly packumentCache full:https://registry.npmjs.org/@babel%2fhelper-plugin-utils cache-miss
302 http fetch GET 200 https://registry.npmjs.org/@babel%2fcode-frame 66ms (cache miss)
303 silly packumentCache full:https://registry.npmjs.org/@babel%2fcode-frame set size:undefined disposed:false
304 silly fetch manifest @babel/types@^7.20.7
305 silly packumentCache full:https://registry.npmjs.org/@babel%2ftypes cache-miss
306 http cache https://registry.npmjs.org/@babel%2ftypes 3ms (cache hit)
307 silly packumentCache full:https://registry.npmjs.org/@babel%2ftypes set size:491978 disposed:false
308 silly fetch manifest @babel/parser@^7.20.7
309 silly packumentCache full:https://registry.npmjs.org/@babel%2fparser cache-miss
310 http fetch GET 200 https://registry.npmjs.org/@jridgewell%2fremapping 65ms (cache miss)
311 silly packumentCache full:https://registry.npmjs.org/@jridgewell%2fremapping set size:undefined disposed:false
312 silly fetch manifest @types/babel__template@*
313 silly packumentCache full:https://registry.npmjs.org/@types%2fbabel__template cache-miss
314 http cache https://registry.npmjs.org/@babel%2fparser 4ms (cache hit)
315 silly packumentCache full:https://registry.npmjs.org/@babel%2fparser set size:725652 disposed:false
316 silly fetch manifest @types/babel__traverse@*
317 silly packumentCache full:https://registry.npmjs.org/@types%2fbabel__traverse cache-miss
318 http fetch GET 200 https://registry.npmjs.org/@babel%2fgenerator 81ms (cache miss)
319 silly packumentCache full:https://registry.npmjs.org/@babel%2fgenerator set size:undefined disposed:false
320 silly fetch manifest @types/babel__generator@*
321 silly packumentCache full:https://registry.npmjs.org/@types%2fbabel__generator cache-miss
322 http fetch GET 200 https://registry.npmjs.org/@babel%2fhelper-module-transforms 64ms (cache miss)
323 silly packumentCache full:https://registry.npmjs.org/@babel%2fhelper-module-transforms set size:undefined disposed:false
324 http fetch GET 200 https://registry.npmjs.org/@babel%2fhelper-plugin-utils 53ms (cache miss)
325 silly packumentCache full:https://registry.npmjs.org/@babel%2fhelper-plugin-utils set size:undefined disposed:false
326 http fetch GET 200 https://registry.npmjs.org/@babel%2fhelper-compilation-targets 61ms (cache miss)
327 silly packumentCache full:https://registry.npmjs.org/@babel%2fhelper-compilation-targets set size:undefined disposed:false
328 http fetch GET 200 https://registry.npmjs.org/@babel%2fhelper-plugin-utils 59ms (cache miss)
329 silly packumentCache full:https://registry.npmjs.org/@babel%2fhelper-plugin-utils set size:undefined disposed:false
330 http fetch GET 200 https://registry.npmjs.org/@types%2fbabel__traverse 59ms (cache miss)
331 silly packumentCache full:https://registry.npmjs.org/@types%2fbabel__traverse set size:undefined disposed:false
332 http fetch GET 200 https://registry.npmjs.org/@types%2fbabel__generator 67ms (cache miss)
333 silly packumentCache full:https://registry.npmjs.org/@types%2fbabel__generator set size:undefined disposed:false
334 http fetch GET 200 https://registry.npmjs.org/@types%2fbabel__template 77ms (cache miss)
335 silly packumentCache full:https://registry.npmjs.org/@types%2fbabel__template set size:undefined disposed:false
336 silly placeDep ROOT @babel/code-frame@7.29.0 OK for: @babel/core@7.29.0 want: ^7.29.0
337 silly placeDep ROOT @babel/generator@7.29.1 OK for: @babel/core@7.29.0 want: ^7.29.0
338 silly placeDep ROOT @babel/helper-compilation-targets@7.28.6 OK for: @babel/core@7.29.0 want: ^7.28.6
339 silly placeDep ROOT @babel/helper-module-transforms@7.28.6 OK for: @babel/core@7.29.0 want: ^7.28.6
340 silly placeDep ROOT @babel/helpers@7.29.2 OK for: @babel/core@7.29.0 want: ^7.28.6
341 silly placeDep ROOT @babel/parser@7.29.3 OK for: @babel/core@7.29.0 want: ^7.29.0
342 silly placeDep ROOT @babel/template@7.28.6 OK for: @babel/core@7.29.0 want: ^7.28.6
343 silly placeDep ROOT @babel/traverse@7.29.0 OK for: @babel/core@7.29.0 want: ^7.29.0
344 silly placeDep ROOT @babel/types@7.29.0 OK for: @babel/core@7.29.0 want: ^7.29.0
345 silly placeDep ROOT @jridgewell/remapping@2.3.5 OK for: @babel/core@7.29.0 want: ^2.3.5
346 silly placeDep ROOT convert-source-map@2.0.0 OK for: @babel/core@7.29.0 want: ^2.0.0
347 silly placeDep ROOT debug@4.4.3 OK for: @babel/core@7.29.0 want: ^4.1.0
348 silly placeDep ROOT gensync@1.0.0-beta.2 OK for: @babel/core@7.29.0 want: ^1.0.0-beta.2
349 silly placeDep ROOT json5@2.2.3 OK for: @babel/core@7.29.0 want: ^2.2.3
350 silly placeDep ROOT semver@6.3.1 OK for: @babel/core@7.29.0 want: ^6.3.1
351 silly fetch manifest js-tokens@^4.0.0
352 silly packumentCache full:https://registry.npmjs.org/js-tokens cache-miss
353 silly fetch manifest @babel/helper-validator-identifier@^7.28.5
354 silly packumentCache full:https://registry.npmjs.org/@babel%2fhelper-validator-identifier cache-miss
355 silly fetch manifest jsesc@^3.0.2
356 silly packumentCache full:https://registry.npmjs.org/jsesc cache-miss
357 silly fetch manifest @jridgewell/gen-mapping@^0.3.12
358 silly packumentCache full:https://registry.npmjs.org/@jridgewell%2fgen-mapping cache-miss
359 silly fetch manifest @jridgewell/trace-mapping@^0.3.28
360 silly packumentCache full:https://registry.npmjs.org/@jridgewell%2ftrace-mapping cache-miss
361 silly fetch manifest lru-cache@^5.1.1
362 silly packumentCache full:https://registry.npmjs.org/lru-cache cache-miss
363 silly fetch manifest browserslist@^4.24.0
364 silly packumentCache full:https://registry.npmjs.org/browserslist cache-miss
365 http cache https://registry.npmjs.org/browserslist 2ms (cache hit)
366 silly packumentCache full:https://registry.npmjs.org/browserslist set size:504681 disposed:false
367 silly fetch manifest @babel/compat-data@^7.28.6
368 silly packumentCache full:https://registry.npmjs.org/@babel%2fcompat-data cache-miss
369 http fetch GET 200 https://registry.npmjs.org/jsesc 44ms (cache miss)
370 silly packumentCache full:https://registry.npmjs.org/jsesc set size:undefined disposed:false
371 silly fetch manifest @babel/helper-validator-option@^7.27.1
372 silly packumentCache full:https://registry.npmjs.org/@babel%2fhelper-validator-option cache-miss
373 http fetch GET 200 https://registry.npmjs.org/js-tokens 48ms (cache miss)
374 silly packumentCache full:https://registry.npmjs.org/js-tokens set size:undefined disposed:false
375 silly fetch manifest @babel/traverse@^7.28.6
376 silly packumentCache full:https://registry.npmjs.org/@babel%2ftraverse cache-miss
377 http cache https://registry.npmjs.org/@babel%2ftraverse 1ms (cache hit)
378 silly packumentCache full:https://registry.npmjs.org/@babel%2ftraverse set size:553169 disposed:false
379 silly fetch manifest @babel/helper-module-imports@^7.28.6
380 silly packumentCache full:https://registry.npmjs.org/@babel%2fhelper-module-imports cache-miss
381 http fetch GET 200 https://registry.npmjs.org/@babel%2fhelper-validator-identifier 53ms (cache miss)
382 silly packumentCache full:https://registry.npmjs.org/@babel%2fhelper-validator-identifier set size:undefined disposed:false
383 silly fetch manifest @babel/types@^7.28.6
384 silly packumentCache full:https://registry.npmjs.org/@babel%2ftypes cache-hit
385 silly fetch manifest debug@^4.3.1
386 silly packumentCache full:https://registry.npmjs.org/debug cache-miss
387 http cache https://registry.npmjs.org/debug 7ms (cache hit)
388 silly packumentCache full:https://registry.npmjs.org/debug set size:195840 disposed:false
389 silly fetch manifest @babel/helper-globals@^7.28.0
390 silly packumentCache full:https://registry.npmjs.org/@babel%2fhelper-globals cache-miss
391 http fetch GET 200 https://registry.npmjs.org/@babel%2fcompat-data 61ms (cache miss)
392 silly packumentCache full:https://registry.npmjs.org/@babel%2fcompat-data set size:undefined disposed:false
393 silly fetch manifest @babel/helper-string-parser@^7.27.1
394 silly packumentCache full:https://registry.npmjs.org/@babel%2fhelper-string-parser cache-miss
395 http fetch GET 200 https://registry.npmjs.org/lru-cache 68ms (cache miss)
396 silly packumentCache full:https://registry.npmjs.org/lru-cache set size:undefined disposed:false
397 silly fetch manifest @jridgewell/gen-mapping@^0.3.5
398 silly packumentCache full:https://registry.npmjs.org/@jridgewell%2fgen-mapping cache-miss
399 http fetch GET 200 https://registry.npmjs.org/@jridgewell%2fgen-mapping 74ms (cache miss)
400 silly packumentCache full:https://registry.npmjs.org/@jridgewell%2fgen-mapping set size:undefined disposed:false
401 silly fetch manifest @jridgewell/trace-mapping@^0.3.24
402 silly packumentCache full:https://registry.npmjs.org/@jridgewell%2ftrace-mapping cache-miss
403 http fetch GET 200 https://registry.npmjs.org/@jridgewell%2ftrace-mapping 80ms (cache miss)
404 silly packumentCache full:https://registry.npmjs.org/@jridgewell%2ftrace-mapping set size:undefined disposed:false
405 silly fetch manifest ms@^2.1.3
406 silly packumentCache full:https://registry.npmjs.org/ms cache-miss
407 http fetch GET 200 https://registry.npmjs.org/@babel%2fhelper-validator-option 52ms (cache miss)
408 silly packumentCache full:https://registry.npmjs.org/@babel%2fhelper-validator-option set size:undefined disposed:false
409 http fetch GET 200 https://registry.npmjs.org/@babel%2fhelper-module-imports 50ms (cache miss)
410 silly packumentCache full:https://registry.npmjs.org/@babel%2fhelper-module-imports set size:undefined disposed:false
411 http fetch GET 200 https://registry.npmjs.org/@babel%2fhelper-globals 41ms (cache miss)
412 silly packumentCache full:https://registry.npmjs.org/@babel%2fhelper-globals set size:undefined disposed:false
413 http fetch GET 200 https://registry.npmjs.org/ms 43ms (cache miss)
414 silly packumentCache full:https://registry.npmjs.org/ms set size:undefined disposed:false
415 http fetch GET 200 https://registry.npmjs.org/@babel%2fhelper-string-parser 57ms (cache miss)
416 silly packumentCache full:https://registry.npmjs.org/@babel%2fhelper-string-parser set size:undefined disposed:false
417 http fetch GET 200 https://registry.npmjs.org/@jridgewell%2fgen-mapping 70ms (cache miss)
418 silly packumentCache full:https://registry.npmjs.org/@jridgewell%2fgen-mapping set size:undefined disposed:false
419 http fetch GET 200 https://registry.npmjs.org/@jridgewell%2ftrace-mapping 66ms (cache miss)
420 silly packumentCache full:https://registry.npmjs.org/@jridgewell%2ftrace-mapping set size:undefined disposed:false
421 silly placeDep ROOT @babel/helper-validator-identifier@7.28.5 OK for: @babel/code-frame@7.29.0 want: ^7.28.5
422 silly placeDep ROOT js-tokens@4.0.0 OK for: @babel/code-frame@7.29.0 want: ^4.0.0
423 silly placeDep ROOT picocolors@1.1.1 OK for: @babel/code-frame@7.29.0 want: ^1.1.1
424 silly placeDep ROOT @jridgewell/gen-mapping@0.3.13 OK for: @babel/generator@7.29.1 want: ^0.3.12
425 silly placeDep ROOT @jridgewell/trace-mapping@0.3.31 OK for: @babel/generator@7.29.1 want: ^0.3.28
426 silly placeDep ROOT jsesc@3.1.0 OK for: @babel/generator@7.29.1 want: ^3.0.2
427 silly fetch manifest @jridgewell/sourcemap-codec@^1.5.0
428 silly packumentCache full:https://registry.npmjs.org/@jridgewell%2fsourcemap-codec cache-miss
429 silly fetch manifest @jridgewell/resolve-uri@^3.1.0
430 silly packumentCache full:https://registry.npmjs.org/@jridgewell%2fresolve-uri cache-miss
431 silly fetch manifest @jridgewell/sourcemap-codec@^1.4.14
432 silly packumentCache full:https://registry.npmjs.org/@jridgewell%2fsourcemap-codec cache-miss
433 http fetch GET 200 https://registry.npmjs.org/@jridgewell%2fsourcemap-codec 43ms (cache miss)
434 silly packumentCache full:https://registry.npmjs.org/@jridgewell%2fsourcemap-codec set size:undefined disposed:false
435 http fetch GET 200 https://registry.npmjs.org/@jridgewell%2fsourcemap-codec 55ms (cache miss)
436 silly packumentCache full:https://registry.npmjs.org/@jridgewell%2fsourcemap-codec set size:undefined disposed:false
437 http fetch GET 200 https://registry.npmjs.org/@jridgewell%2fresolve-uri 64ms (cache miss)
438 silly packumentCache full:https://registry.npmjs.org/@jridgewell%2fresolve-uri set size:undefined disposed:false
439 silly placeDep ROOT @babel/compat-data@7.29.3 OK for: @babel/helper-compilation-targets@7.28.6 want: ^7.28.6
440 silly placeDep ROOT @babel/helper-validator-option@7.27.1 OK for: @babel/helper-compilation-targets@7.28.6 want: ^7.27.1
441 silly placeDep ROOT browserslist@4.28.2 OK for: @babel/helper-compilation-targets@7.28.6 want: ^4.24.0
442 silly placeDep ROOT lru-cache@5.1.1 OK for: @babel/helper-compilation-targets@7.28.6 want: ^5.1.1
443 silly fetch manifest baseline-browser-mapping@^2.10.12
444 silly packumentCache full:https://registry.npmjs.org/baseline-browser-mapping cache-miss
445 silly fetch manifest caniuse-lite@^1.0.30001782
446 silly packumentCache full:https://registry.npmjs.org/caniuse-lite cache-miss
447 silly fetch manifest electron-to-chromium@^1.5.328
448 silly packumentCache full:https://registry.npmjs.org/electron-to-chromium cache-miss
449 silly fetch manifest node-releases@^2.0.36
450 silly packumentCache full:https://registry.npmjs.org/node-releases cache-miss
451 silly fetch manifest update-browserslist-db@^1.2.3
452 silly packumentCache full:https://registry.npmjs.org/update-browserslist-db cache-miss
453 silly fetch manifest yallist@^3.0.2
454 silly packumentCache full:https://registry.npmjs.org/yallist cache-miss
455 http cache https://registry.npmjs.org/caniuse-lite 4ms (cache hit)
456 silly packumentCache full:https://registry.npmjs.org/caniuse-lite set size:2293068 disposed:false
457 http fetch GET 200 https://registry.npmjs.org/yallist 38ms (cache miss)
458 silly packumentCache full:https://registry.npmjs.org/yallist set size:undefined disposed:false
459 http fetch GET 200 https://registry.npmjs.org/update-browserslist-db 49ms (cache miss)
460 silly packumentCache full:https://registry.npmjs.org/update-browserslist-db set size:undefined disposed:false
461 http fetch GET 200 https://registry.npmjs.org/baseline-browser-mapping 57ms (cache miss)
462 silly packumentCache full:https://registry.npmjs.org/baseline-browser-mapping set size:undefined disposed:false
463 http fetch GET 200 https://registry.npmjs.org/node-releases 61ms (cache miss)
464 silly packumentCache full:https://registry.npmjs.org/node-releases set size:undefined disposed:false
465 http fetch GET 200 https://registry.npmjs.org/electron-to-chromium 171ms (cache miss)
466 silly packumentCache full:https://registry.npmjs.org/electron-to-chromium set size:undefined disposed:false
467 silly placeDep ROOT @babel/helper-module-imports@7.28.6 OK for: @babel/helper-module-transforms@7.28.6 want: ^7.28.6
468 silly placeDep ROOT @babel/helper-plugin-utils@7.28.6 OK for: @babel/plugin-transform-react-jsx-self@7.27.1 want: ^7.27.1
469 silly placeDep ROOT @babel/helper-globals@7.28.0 OK for: @babel/traverse@7.29.0 want: ^7.28.0
470 silly placeDep ROOT @babel/helper-string-parser@7.27.1 OK for: @babel/types@7.29.0 want: ^7.27.1
471 silly placeDep ROOT @jridgewell/sourcemap-codec@1.5.5 OK for: @jridgewell/gen-mapping@0.3.13 want: ^1.5.0
472 silly placeDep ROOT @jridgewell/resolve-uri@3.1.2 OK for: @jridgewell/trace-mapping@0.3.31 want: ^3.1.0
473 silly placeDep ROOT @types/babel__generator@7.27.0 OK for: @types/babel__core@7.20.5 want: *
474 silly placeDep ROOT @types/babel__template@7.4.4 OK for: @types/babel__core@7.20.5 want: *
475 silly placeDep ROOT @types/babel__traverse@7.28.0 OK for: @types/babel__core@7.20.5 want: *
476 silly placeDep ROOT caniuse-lite@1.0.30001793 OK for: autoprefixer@10.4.20 want: ^1.0.30001646
477 silly placeDep ROOT fraction.js@4.3.7 OK for: autoprefixer@10.4.20 want: ^4.3.7
478 silly placeDep ROOT normalize-range@0.1.2 OK for: autoprefixer@10.4.20 want: ^0.1.2
479 silly placeDep ROOT postcss-value-parser@4.2.0 OK for: autoprefixer@10.4.20 want: ^4.2.0
480 silly placeDep ROOT baseline-browser-mapping@2.10.30 OK for: browserslist@4.28.2 want: ^2.10.12
481 silly placeDep ROOT electron-to-chromium@1.5.357 OK for: browserslist@4.28.2 want: ^1.5.328
482 silly placeDep ROOT node-releases@2.0.44 OK for: browserslist@4.28.2 want: ^2.0.36
483 silly placeDep ROOT update-browserslist-db@1.2.3 OK for: browserslist@4.28.2 want: ^1.2.3
484 silly fetch manifest escalade@^3.2.0
485 silly packumentCache full:https://registry.npmjs.org/escalade cache-miss
486 http fetch GET 200 https://registry.npmjs.org/escalade 40ms (cache miss)
487 silly packumentCache full:https://registry.npmjs.org/escalade set size:undefined disposed:false
488 silly placeDep ROOT ms@2.1.3 OK for: debug@4.4.3 want: ^2.1.3
489 silly placeDep ROOT yallist@3.1.1 OK for: lru-cache@5.1.1 want: ^3.0.2
490 silly placeDep ROOT nanoid@3.3.12 OK for: postcss@8.4.49 want: ^3.3.7
491 silly placeDep ROOT source-map-js@1.2.1 OK for: postcss@8.4.49 want: ^1.2.1
492 silly placeDep ROOT scheduler@0.27.0 OK for: react-dom@19.2.6 want: ^0.27.0
493 silly placeDep ROOT @alloc/quick-lru@5.2.0 OK for: tailwindcss@3.4.19 want: ^5.2.0
494 silly placeDep ROOT arg@5.0.2 OK for: tailwindcss@3.4.19 want: ^5.0.2
495 silly placeDep ROOT chokidar@3.6.0 OK for: tailwindcss@3.4.19 want: ^3.6.0
496 silly placeDep ROOT didyoumean@1.2.2 OK for: tailwindcss@3.4.19 want: ^1.2.2
497 silly placeDep ROOT dlv@1.1.3 OK for: tailwindcss@3.4.19 want: ^1.1.3
498 silly placeDep ROOT fast-glob@3.3.3 OK for: tailwindcss@3.4.19 want: ^3.3.2
499 silly placeDep ROOT glob-parent@6.0.2 OK for: tailwindcss@3.4.19 want: ^6.0.2
500 silly placeDep ROOT is-glob@4.0.3 OK for: tailwindcss@3.4.19 want: ^4.0.3
501 silly placeDep ROOT jiti@1.21.7 OK for: tailwindcss@3.4.19 want: ^1.21.7
502 silly placeDep ROOT lilconfig@3.1.3 OK for: tailwindcss@3.4.19 want: ^3.1.3
503 silly placeDep ROOT micromatch@4.0.8 OK for: tailwindcss@3.4.19 want: ^4.0.8
504 silly placeDep ROOT normalize-path@3.0.0 OK for: tailwindcss@3.4.19 want: ^3.0.0
505 silly placeDep ROOT object-hash@3.0.0 OK for: tailwindcss@3.4.19 want: ^3.0.0
506 silly placeDep ROOT postcss-import@15.1.0 OK for: tailwindcss@3.4.19 want: ^15.1.0
507 silly placeDep ROOT postcss-js@4.1.0 OK for: tailwindcss@3.4.19 want: ^4.0.1
508 silly placeDep ROOT postcss-load-config@6.0.1 OK for: tailwindcss@3.4.19 want: ^4.0.2 || ^5.0 || ^6.0
509 silly placeDep ROOT postcss-nested@6.2.0 OK for: tailwindcss@3.4.19 want: ^6.2.0
510 silly placeDep ROOT postcss-selector-parser@6.1.2 OK for: tailwindcss@3.4.19 want: ^6.1.2
511 silly placeDep ROOT resolve@1.22.12 OK for: tailwindcss@3.4.19 want: ^1.22.8
512 silly placeDep ROOT sucrase@3.35.1 OK for: tailwindcss@3.4.19 want: ^3.35.0
513 silly fetch manifest braces@~3.0.2
514 silly packumentCache full:https://registry.npmjs.org/braces cache-miss
515 silly fetch manifest is-glob@~4.0.1
516 silly packumentCache full:https://registry.npmjs.org/is-glob cache-miss
517 silly fetch manifest anymatch@~3.1.2
518 silly packumentCache full:https://registry.npmjs.org/anymatch cache-miss
519 silly fetch manifest readdirp@~3.6.0
520 silly packumentCache full:https://registry.npmjs.org/readdirp cache-miss
521 silly fetch manifest glob-parent@~5.1.2
522 silly packumentCache full:https://registry.npmjs.org/glob-parent cache-miss
523 silly fetch manifest is-binary-path@~2.1.0
524 silly packumentCache full:https://registry.npmjs.org/is-binary-path cache-miss
525 silly fetch manifest normalize-path@~3.0.0
526 silly packumentCache full:https://registry.npmjs.org/normalize-path cache-miss
527 http cache https://registry.npmjs.org/is-glob 3ms (cache hit)
528 silly packumentCache full:https://registry.npmjs.org/is-glob set size:40530 disposed:false
529 silly fetch manifest fsevents@~2.3.2
530 silly packumentCache full:https://registry.npmjs.org/fsevents cache-miss
531 http cache https://registry.npmjs.org/normalize-path 3ms (cache hit)
532 silly packumentCache full:https://registry.npmjs.org/normalize-path set size:28713 disposed:false
533 silly fetch manifest @nodelib/fs.stat@^2.0.2
534 silly packumentCache full:https://registry.npmjs.org/@nodelib%2ffs.stat cache-miss
535 http cache https://registry.npmjs.org/glob-parent 5ms (cache hit)
536 silly packumentCache full:https://registry.npmjs.org/glob-parent set size:42445 disposed:false
537 silly fetch manifest @nodelib/fs.walk@^1.2.3
538 silly packumentCache full:https://registry.npmjs.org/@nodelib%2ffs.walk cache-miss
539 http cache https://registry.npmjs.org/fsevents 3ms (cache hit)
540 silly packumentCache full:https://registry.npmjs.org/fsevents set size:182472 disposed:false
541 silly fetch manifest glob-parent@^5.1.2
542 silly packumentCache full:https://registry.npmjs.org/glob-parent cache-hit
543 silly fetch manifest merge2@^1.3.0
544 silly packumentCache full:https://registry.npmjs.org/merge2 cache-miss
545 http fetch GET 200 https://registry.npmjs.org/is-binary-path 43ms (cache miss)
546 silly packumentCache full:https://registry.npmjs.org/is-binary-path set size:undefined disposed:false
547 silly fetch manifest is-extglob@^2.1.1
548 silly packumentCache full:https://registry.npmjs.org/is-extglob cache-miss
549 http fetch GET 200 https://registry.npmjs.org/anymatch 44ms (cache miss)
550 silly packumentCache full:https://registry.npmjs.org/anymatch set size:undefined disposed:false
551 silly fetch manifest braces@^3.0.3
552 silly packumentCache full:https://registry.npmjs.org/braces cache-miss
553 http fetch GET 200 https://registry.npmjs.org/readdirp 45ms (cache miss)
554 silly packumentCache full:https://registry.npmjs.org/readdirp set size:undefined disposed:false
555 silly fetch manifest picomatch@^2.3.1
556 silly packumentCache full:https://registry.npmjs.org/picomatch cache-miss
557 http cache https://registry.npmjs.org/picomatch 2ms (cache hit)
558 silly packumentCache full:https://registry.npmjs.org/picomatch set size:126376 disposed:false
559 silly fetch manifest resolve@^1.1.7
560 silly packumentCache full:https://registry.npmjs.org/resolve cache-miss
561 http cache https://registry.npmjs.org/resolve 2ms (cache hit)
562 silly packumentCache full:https://registry.npmjs.org/resolve set size:244568 disposed:false
563 silly fetch manifest read-cache@^1.0.0
564 silly packumentCache full:https://registry.npmjs.org/read-cache cache-miss
565 http fetch GET 200 https://registry.npmjs.org/braces 54ms (cache miss)
566 silly packumentCache full:https://registry.npmjs.org/braces set size:undefined disposed:false
567 silly fetch manifest camelcase-css@^2.0.1
568 silly packumentCache full:https://registry.npmjs.org/camelcase-css cache-miss
569 http fetch GET 200 https://registry.npmjs.org/merge2 47ms (cache miss)
570 silly packumentCache full:https://registry.npmjs.org/merge2 set size:undefined disposed:false
571 silly fetch manifest postcss-selector-parser@^6.1.1
572 silly packumentCache full:https://registry.npmjs.org/postcss-selector-parser cache-miss
573 http cache https://registry.npmjs.org/postcss-selector-parser 1ms (cache hit)
574 silly packumentCache full:https://registry.npmjs.org/postcss-selector-parser set size:177140 disposed:false
575 silly fetch manifest cssesc@^3.0.0
576 silly packumentCache full:https://registry.npmjs.org/cssesc cache-miss
577 http fetch GET 200 https://registry.npmjs.org/@nodelib%2ffs.walk 69ms (cache miss)
578 silly packumentCache full:https://registry.npmjs.org/@nodelib%2ffs.walk set size:undefined disposed:false
579 silly fetch manifest util-deprecate@^1.0.2
580 silly packumentCache full:https://registry.npmjs.org/util-deprecate cache-miss
581 http fetch GET 200 https://registry.npmjs.org/@nodelib%2ffs.stat 70ms (cache miss)
582 silly packumentCache full:https://registry.npmjs.org/@nodelib%2ffs.stat set size:undefined disposed:false
583 silly fetch manifest es-errors@^1.3.0
584 silly packumentCache full:https://registry.npmjs.org/es-errors cache-miss
585 http fetch GET 200 https://registry.npmjs.org/is-extglob 41ms (cache miss)
586 silly packumentCache full:https://registry.npmjs.org/is-extglob set size:undefined disposed:false
587 silly fetch manifest path-parse@^1.0.7
588 silly packumentCache full:https://registry.npmjs.org/path-parse cache-miss
589 http fetch GET 200 https://registry.npmjs.org/read-cache 40ms (cache miss)
590 silly packumentCache full:https://registry.npmjs.org/read-cache set size:undefined disposed:false
591 silly fetch manifest is-core-module@^2.16.1
592 silly packumentCache full:https://registry.npmjs.org/is-core-module cache-miss
593 http fetch GET 200 https://registry.npmjs.org/braces 53ms (cache miss)
594 silly packumentCache full:https://registry.npmjs.org/braces set size:undefined disposed:false
595 silly fetch manifest supports-preserve-symlinks-flag@^1.0.0
596 silly packumentCache full:https://registry.npmjs.org/supports-preserve-symlinks-flag cache-miss
597 http fetch GET 200 https://registry.npmjs.org/camelcase-css 46ms (cache miss)
598 silly packumentCache full:https://registry.npmjs.org/camelcase-css set size:undefined disposed:false
599 silly fetch manifest commander@^4.0.0
600 silly packumentCache full:https://registry.npmjs.org/commander cache-miss
601 http fetch GET 200 https://registry.npmjs.org/cssesc 44ms (cache miss)
602 silly packumentCache full:https://registry.npmjs.org/cssesc set size:undefined disposed:false
603 silly fetch manifest lines-and-columns@^1.1.6
604 silly packumentCache full:https://registry.npmjs.org/lines-and-columns cache-miss
605 http fetch GET 200 https://registry.npmjs.org/util-deprecate 45ms (cache miss)
606 silly packumentCache full:https://registry.npmjs.org/util-deprecate set size:undefined disposed:false
607 silly fetch manifest mz@^2.7.0
608 silly packumentCache full:https://registry.npmjs.org/mz cache-miss
609 http fetch GET 200 https://registry.npmjs.org/path-parse 37ms (cache miss)
610 silly packumentCache full:https://registry.npmjs.org/path-parse set size:undefined disposed:false
611 silly fetch manifest pirates@^4.0.1
612 silly packumentCache full:https://registry.npmjs.org/pirates cache-miss
613 http fetch GET 200 https://registry.npmjs.org/es-errors 59ms (cache miss)
614 silly packumentCache full:https://registry.npmjs.org/es-errors set size:undefined disposed:false
615 silly fetch manifest tinyglobby@^0.2.11
616 silly packumentCache full:https://registry.npmjs.org/tinyglobby cache-miss
617 http cache https://registry.npmjs.org/tinyglobby 1ms (cache hit)
618 silly packumentCache full:https://registry.npmjs.org/tinyglobby set size:52660 disposed:false
619 silly fetch manifest ts-interface-checker@^0.1.9
620 silly packumentCache full:https://registry.npmjs.org/ts-interface-checker cache-miss
621 http fetch GET 200 https://registry.npmjs.org/lines-and-columns 38ms (cache miss)
622 silly packumentCache full:https://registry.npmjs.org/lines-and-columns set size:undefined disposed:false
623 http fetch GET 200 https://registry.npmjs.org/is-core-module 49ms (cache miss)
624 silly packumentCache full:https://registry.npmjs.org/is-core-module set size:undefined disposed:false
625 http fetch GET 200 https://registry.npmjs.org/supports-preserve-symlinks-flag 53ms (cache miss)
626 silly packumentCache full:https://registry.npmjs.org/supports-preserve-symlinks-flag set size:undefined disposed:false
627 http fetch GET 200 https://registry.npmjs.org/commander 54ms (cache miss)
628 silly packumentCache full:https://registry.npmjs.org/commander set size:undefined disposed:false
629 http fetch GET 200 https://registry.npmjs.org/mz 38ms (cache miss)
630 silly packumentCache full:https://registry.npmjs.org/mz set size:undefined disposed:false
631 http fetch GET 200 https://registry.npmjs.org/pirates 44ms (cache miss)
632 silly packumentCache full:https://registry.npmjs.org/pirates set size:undefined disposed:false
633 http fetch GET 200 https://registry.npmjs.org/ts-interface-checker 52ms (cache miss)
634 silly packumentCache full:https://registry.npmjs.org/ts-interface-checker set size:undefined disposed:false
635 silly placeDep ROOT anymatch@3.1.3 OK for: chokidar@3.6.0 want: ~3.1.2
636 silly placeDep ROOT braces@3.0.3 OK for: chokidar@3.6.0 want: ~3.0.2
637 silly placeDep ROOT fsevents@2.3.3 OK for: chokidar@3.6.0 want: ~2.3.2
638 silly placeDep node_modules/chokidar glob-parent@5.1.2 OK for: chokidar@3.6.0 want: ~5.1.2
639 silly placeDep ROOT is-binary-path@2.1.0 OK for: chokidar@3.6.0 want: ~2.1.0
640 silly placeDep ROOT readdirp@3.6.0 OK for: chokidar@3.6.0 want: ~3.6.0
641 silly fetch manifest picomatch@^2.0.4
642 silly packumentCache full:https://registry.npmjs.org/picomatch cache-hit
643 silly fetch manifest fill-range@^7.1.1
644 silly packumentCache full:https://registry.npmjs.org/fill-range cache-miss
645 silly fetch manifest binary-extensions@^2.0.0
646 silly packumentCache full:https://registry.npmjs.org/binary-extensions cache-miss
647 silly fetch manifest picomatch@^2.2.1
648 silly packumentCache full:https://registry.npmjs.org/picomatch cache-hit
649 http fetch GET 200 https://registry.npmjs.org/fill-range 44ms (cache miss)
650 silly packumentCache full:https://registry.npmjs.org/fill-range set size:undefined disposed:false
651 http fetch GET 200 https://registry.npmjs.org/binary-extensions 49ms (cache miss)
652 silly packumentCache full:https://registry.npmjs.org/binary-extensions set size:undefined disposed:false
653 silly placeDep ROOT picomatch@2.3.2 OK for: anymatch@3.1.3 want: ^2.0.4
654 silly placeDep ROOT fill-range@7.1.1 OK for: braces@3.0.3 want: ^7.1.1
655 silly fetch manifest to-regex-range@^5.0.1
656 silly packumentCache full:https://registry.npmjs.org/to-regex-range cache-miss
657 http fetch GET 200 https://registry.npmjs.org/to-regex-range 37ms (cache miss)
658 silly packumentCache full:https://registry.npmjs.org/to-regex-range set size:undefined disposed:false
659 silly placeDep ROOT @nodelib/fs.stat@2.0.5 OK for: fast-glob@3.3.3 want: ^2.0.2
660 silly placeDep ROOT @nodelib/fs.walk@1.2.8 OK for: fast-glob@3.3.3 want: ^1.2.3
661 silly placeDep node_modules/fast-glob glob-parent@5.1.2 OK for: fast-glob@3.3.3 want: ^5.1.2
662 silly placeDep ROOT merge2@1.4.1 OK for: fast-glob@3.3.3 want: ^1.3.0
663 silly fetch manifest fastq@^1.6.0
664 silly packumentCache full:https://registry.npmjs.org/fastq cache-miss
665 silly fetch manifest @nodelib/fs.scandir@2.1.5
666 silly packumentCache full:https://registry.npmjs.org/@nodelib%2ffs.scandir cache-miss
667 http fetch GET 200 https://registry.npmjs.org/fastq 35ms (cache miss)
668 silly packumentCache full:https://registry.npmjs.org/fastq set size:undefined disposed:false
669 http fetch GET 200 https://registry.npmjs.org/@nodelib%2ffs.scandir 66ms (cache miss)
670 silly packumentCache full:https://registry.npmjs.org/@nodelib%2ffs.scandir set size:undefined disposed:false
671 silly placeDep ROOT @nodelib/fs.scandir@2.1.5 OK for: @nodelib/fs.walk@1.2.8 want: 2.1.5
672 silly placeDep ROOT fastq@1.20.1 OK for: @nodelib/fs.walk@1.2.8 want: ^1.6.0
673 silly fetch manifest run-parallel@^1.1.9
674 silly packumentCache full:https://registry.npmjs.org/run-parallel cache-miss
675 silly fetch manifest reusify@^1.0.4
676 silly packumentCache full:https://registry.npmjs.org/reusify cache-miss
677 http fetch GET 200 https://registry.npmjs.org/run-parallel 42ms (cache miss)
678 silly packumentCache full:https://registry.npmjs.org/run-parallel set size:undefined disposed:false
679 http fetch GET 200 https://registry.npmjs.org/reusify 42ms (cache miss)
680 silly packumentCache full:https://registry.npmjs.org/reusify set size:undefined disposed:false
681 silly placeDep ROOT run-parallel@1.2.0 OK for: @nodelib/fs.scandir@2.1.5 want: ^1.1.9
682 silly fetch manifest queue-microtask@^1.2.2
683 silly packumentCache full:https://registry.npmjs.org/queue-microtask cache-miss
684 http fetch GET 200 https://registry.npmjs.org/queue-microtask 37ms (cache miss)
685 silly packumentCache full:https://registry.npmjs.org/queue-microtask set size:undefined disposed:false
686 silly placeDep ROOT reusify@1.1.0 OK for: fastq@1.20.1 want: ^1.0.4
687 silly placeDep ROOT to-regex-range@5.0.1 OK for: fill-range@7.1.1 want: ^5.0.1
688 silly fetch manifest is-number@^7.0.0
689 silly packumentCache full:https://registry.npmjs.org/is-number cache-miss
690 http fetch GET 200 https://registry.npmjs.org/is-number 37ms (cache miss)
691 silly packumentCache full:https://registry.npmjs.org/is-number set size:undefined disposed:false
692 silly placeDep ROOT binary-extensions@2.3.0 OK for: is-binary-path@2.1.0 want: ^2.0.0
693 silly placeDep ROOT is-extglob@2.1.1 OK for: is-glob@4.0.3 want: ^2.1.1
694 silly placeDep ROOT read-cache@1.0.0 OK for: postcss-import@15.1.0 want: ^1.0.0
695 silly fetch manifest pify@^2.3.0
696 silly packumentCache full:https://registry.npmjs.org/pify cache-miss
697 http fetch GET 200 https://registry.npmjs.org/pify 48ms (cache miss)
698 silly packumentCache full:https://registry.npmjs.org/pify set size:undefined disposed:false
699 silly placeDep ROOT camelcase-css@2.0.1 OK for: postcss-js@4.1.0 want: ^2.0.1
700 silly placeDep ROOT cssesc@3.0.0 OK for: postcss-selector-parser@6.1.2 want: ^3.0.0
701 silly placeDep ROOT util-deprecate@1.0.2 OK for: postcss-selector-parser@6.1.2 want: ^1.0.2
702 silly placeDep ROOT pify@2.3.0 OK for: read-cache@1.0.0 want: ^2.3.0
703 silly placeDep ROOT es-errors@1.3.0 OK for: resolve@1.22.12 want: ^1.3.0
704 silly placeDep ROOT is-core-module@2.16.2 OK for: resolve@1.22.12 want: ^2.16.1
705 silly placeDep ROOT path-parse@1.0.7 OK for: resolve@1.22.12 want: ^1.0.7
706 silly placeDep ROOT supports-preserve-symlinks-flag@1.0.0 OK for: resolve@1.22.12 want: ^1.0.0
707 silly fetch manifest hasown@^2.0.3
708 silly packumentCache full:https://registry.npmjs.org/hasown cache-miss
709 http fetch GET 200 https://registry.npmjs.org/hasown 49ms (cache miss)
710 silly packumentCache full:https://registry.npmjs.org/hasown set size:undefined disposed:false
711 silly placeDep ROOT hasown@2.0.3 OK for: is-core-module@2.16.2 want: ^2.0.3
712 silly fetch manifest function-bind@^1.1.2
713 silly packumentCache full:https://registry.npmjs.org/function-bind cache-miss
714 http fetch GET 200 https://registry.npmjs.org/function-bind 53ms (cache miss)
715 silly packumentCache full:https://registry.npmjs.org/function-bind set size:undefined disposed:false
716 silly placeDep ROOT function-bind@1.1.2 OK for: hasown@2.0.3 want: ^1.1.2
717 silly placeDep ROOT queue-microtask@1.2.3 OK for: run-parallel@1.2.0 want: ^1.2.2
718 silly placeDep ROOT commander@4.1.1 OK for: sucrase@3.35.1 want: ^4.0.0
719 silly placeDep ROOT lines-and-columns@1.2.4 OK for: sucrase@3.35.1 want: ^1.1.6
720 silly placeDep ROOT mz@2.7.0 OK for: sucrase@3.35.1 want: ^2.7.0
721 silly placeDep ROOT pirates@4.0.7 OK for: sucrase@3.35.1 want: ^4.0.1
722 silly placeDep ROOT tinyglobby@0.2.16 OK for: sucrase@3.35.1 want: ^0.2.11
723 silly placeDep ROOT ts-interface-checker@0.1.13 OK for: sucrase@3.35.1 want: ^0.1.9
724 silly fetch manifest any-promise@^1.0.0
725 silly packumentCache full:https://registry.npmjs.org/any-promise cache-miss
726 silly fetch manifest object-assign@^4.0.1
727 silly packumentCache full:https://registry.npmjs.org/object-assign cache-miss
728 silly fetch manifest thenify-all@^1.0.0
729 silly packumentCache full:https://registry.npmjs.org/thenify-all cache-miss
730 silly fetch manifest picomatch@^4.0.4
731 silly packumentCache full:https://registry.npmjs.org/picomatch cache-hit
732 http fetch GET 200 https://registry.npmjs.org/any-promise 43ms (cache miss)
733 silly packumentCache full:https://registry.npmjs.org/any-promise set size:undefined disposed:false
734 http fetch GET 200 https://registry.npmjs.org/thenify-all 47ms (cache miss)
735 silly packumentCache full:https://registry.npmjs.org/thenify-all set size:undefined disposed:false
736 http fetch GET 200 https://registry.npmjs.org/object-assign 56ms (cache miss)
737 silly packumentCache full:https://registry.npmjs.org/object-assign set size:undefined disposed:false
738 silly placeDep ROOT any-promise@1.3.0 OK for: mz@2.7.0 want: ^1.0.0
739 silly placeDep ROOT object-assign@4.1.1 OK for: mz@2.7.0 want: ^4.0.1
740 silly placeDep ROOT thenify-all@1.6.0 OK for: mz@2.7.0 want: ^1.0.0
741 silly fetch manifest thenify@>= 3.1.0 < 4
742 silly packumentCache full:https://registry.npmjs.org/thenify cache-miss
743 http fetch GET 200 https://registry.npmjs.org/thenify 52ms (cache miss)
744 silly packumentCache full:https://registry.npmjs.org/thenify set size:undefined disposed:false
745 silly placeDep ROOT thenify@3.3.1 OK for: thenify-all@1.6.0 want: >= 3.1.0 < 4
746 silly placeDep ROOT fdir@6.5.0 OK for: tinyglobby@0.2.16 want: ^6.5.0
747 silly placeDep node_modules/tinyglobby picomatch@4.0.4 OK for: tinyglobby@0.2.16 want: ^4.0.4
748 silly placeDep ROOT is-number@7.0.0 OK for: to-regex-range@5.0.1 want: ^7.0.0
749 silly placeDep ROOT escalade@3.2.0 OK for: update-browserslist-db@1.2.3 want: ^3.2.0
750 silly placeDep ROOT esbuild@0.27.7 OK for: vite@7.3.3 want: ^0.27.0
751 silly placeDep node_modules/vite picomatch@4.0.4 OK for: vite@7.3.3 want: ^4.0.3
752 silly placeDep node_modules/vite postcss@8.5.14 OK for: vite@7.3.3 want: ^8.5.6
753 silly placeDep ROOT rollup@4.60.4 OK for: vite@7.3.3 want: ^4.43.0
754 silly fetch manifest @esbuild/aix-ppc64@0.27.7
755 silly packumentCache full:https://registry.npmjs.org/@esbuild%2faix-ppc64 cache-miss
756 silly fetch manifest @esbuild/linux-arm@0.27.7
757 silly packumentCache full:https://registry.npmjs.org/@esbuild%2flinux-arm cache-miss
758 silly fetch manifest @esbuild/linux-x64@0.27.7
759 silly packumentCache full:https://registry.npmjs.org/@esbuild%2flinux-x64 cache-miss
760 silly fetch manifest @esbuild/sunos-x64@0.27.7
761 silly packumentCache full:https://registry.npmjs.org/@esbuild%2fsunos-x64 cache-miss
762 silly fetch manifest @esbuild/win32-x64@0.27.7
763 silly packumentCache full:https://registry.npmjs.org/@esbuild%2fwin32-x64 cache-miss
764 silly fetch manifest @esbuild/darwin-x64@0.27.7
765 silly packumentCache full:https://registry.npmjs.org/@esbuild%2fdarwin-x64 cache-miss
766 silly fetch manifest @esbuild/linux-ia32@0.27.7
767 silly packumentCache full:https://registry.npmjs.org/@esbuild%2flinux-ia32 cache-miss
768 http fetch GET 200 https://registry.npmjs.org/@esbuild%2fwin32-x64 54ms (cache miss)
769 silly packumentCache full:https://registry.npmjs.org/@esbuild%2fwin32-x64 set size:undefined disposed:false
770 silly fetch manifest @esbuild/netbsd-x64@0.27.7
771 silly packumentCache full:https://registry.npmjs.org/@esbuild%2fnetbsd-x64 cache-miss
772 http fetch GET 200 https://registry.npmjs.org/@esbuild%2fsunos-x64 59ms (cache miss)
773 silly packumentCache full:https://registry.npmjs.org/@esbuild%2fsunos-x64 set size:undefined disposed:false
774 silly fetch manifest @esbuild/win32-ia32@0.27.7
775 silly packumentCache full:https://registry.npmjs.org/@esbuild%2fwin32-ia32 cache-miss
776 http fetch GET 200 https://registry.npmjs.org/@esbuild%2flinux-ia32 63ms (cache miss)
777 silly packumentCache full:https://registry.npmjs.org/@esbuild%2flinux-ia32 set size:undefined disposed:false
778 silly fetch manifest @esbuild/android-arm@0.27.7
779 silly packumentCache full:https://registry.npmjs.org/@esbuild%2fandroid-arm cache-miss
780 http fetch GET 200 https://registry.npmjs.org/@esbuild%2faix-ppc64 69ms (cache miss)
781 silly packumentCache full:https://registry.npmjs.org/@esbuild%2faix-ppc64 set size:undefined disposed:false
782 silly fetch manifest @esbuild/android-x64@0.27.7
783 silly packumentCache full:https://registry.npmjs.org/@esbuild%2fandroid-x64 cache-miss
784 http fetch GET 200 https://registry.npmjs.org/@esbuild%2flinux-x64 70ms (cache miss)
785 silly packumentCache full:https://registry.npmjs.org/@esbuild%2flinux-x64 set size:undefined disposed:false
786 silly fetch manifest @esbuild/freebsd-x64@0.27.7
787 silly packumentCache full:https://registry.npmjs.org/@esbuild%2ffreebsd-x64 cache-miss
788 http fetch GET 200 https://registry.npmjs.org/@esbuild%2flinux-arm 71ms (cache miss)
789 silly packumentCache full:https://registry.npmjs.org/@esbuild%2flinux-arm set size:undefined disposed:false
790 silly fetch manifest @esbuild/linux-arm64@0.27.7
791 silly packumentCache full:https://registry.npmjs.org/@esbuild%2flinux-arm64 cache-miss
792 http fetch GET 200 https://registry.npmjs.org/@esbuild%2fdarwin-x64 72ms (cache miss)
793 silly packumentCache full:https://registry.npmjs.org/@esbuild%2fdarwin-x64 set size:undefined disposed:false
794 silly fetch manifest @esbuild/linux-ppc64@0.27.7
795 silly packumentCache full:https://registry.npmjs.org/@esbuild%2flinux-ppc64 cache-miss
796 http fetch GET 200 https://registry.npmjs.org/@esbuild%2fnetbsd-x64 62ms (cache miss)
797 silly packumentCache full:https://registry.npmjs.org/@esbuild%2fnetbsd-x64 set size:undefined disposed:false
798 silly fetch manifest @esbuild/linux-s390x@0.27.7
799 silly packumentCache full:https://registry.npmjs.org/@esbuild%2flinux-s390x cache-miss
800 http fetch GET 200 https://registry.npmjs.org/@esbuild%2fwin32-ia32 68ms (cache miss)
801 silly packumentCache full:https://registry.npmjs.org/@esbuild%2fwin32-ia32 set size:undefined disposed:false
802 silly fetch manifest @esbuild/openbsd-x64@0.27.7
803 silly packumentCache full:https://registry.npmjs.org/@esbuild%2fopenbsd-x64 cache-miss
804 http fetch GET 200 https://registry.npmjs.org/@esbuild%2fandroid-arm 71ms (cache miss)
805 silly packumentCache full:https://registry.npmjs.org/@esbuild%2fandroid-arm set size:undefined disposed:false
806 silly fetch manifest @esbuild/win32-arm64@0.27.7
807 silly packumentCache full:https://registry.npmjs.org/@esbuild%2fwin32-arm64 cache-miss
808 http fetch GET 200 https://registry.npmjs.org/@esbuild%2ffreebsd-x64 72ms (cache miss)
809 silly packumentCache full:https://registry.npmjs.org/@esbuild%2ffreebsd-x64 set size:undefined disposed:false
810 silly fetch manifest @esbuild/darwin-arm64@0.27.7
811 silly packumentCache full:https://registry.npmjs.org/@esbuild%2fdarwin-arm64 cache-miss
812 http fetch GET 200 https://registry.npmjs.org/@esbuild%2flinux-arm64 73ms (cache miss)
813 silly packumentCache full:https://registry.npmjs.org/@esbuild%2flinux-arm64 set size:undefined disposed:false
814 silly fetch manifest @esbuild/netbsd-arm64@0.27.7
815 silly packumentCache full:https://registry.npmjs.org/@esbuild%2fnetbsd-arm64 cache-miss
816 http fetch GET 200 https://registry.npmjs.org/@esbuild%2flinux-ppc64 73ms (cache miss)
817 silly packumentCache full:https://registry.npmjs.org/@esbuild%2flinux-ppc64 set size:undefined disposed:false
818 silly fetch manifest @esbuild/android-arm64@0.27.7
819 silly packumentCache full:https://registry.npmjs.org/@esbuild%2fandroid-arm64 cache-miss
820 http fetch GET 200 https://registry.npmjs.org/@esbuild%2fandroid-x64 81ms (cache miss)
821 silly packumentCache full:https://registry.npmjs.org/@esbuild%2fandroid-x64 set size:undefined disposed:false
822 silly fetch manifest @esbuild/freebsd-arm64@0.27.7
823 silly packumentCache full:https://registry.npmjs.org/@esbuild%2ffreebsd-arm64 cache-miss
824 http fetch GET 200 https://registry.npmjs.org/@esbuild%2flinux-s390x 55ms (cache miss)
825 silly packumentCache full:https://registry.npmjs.org/@esbuild%2flinux-s390x set size:undefined disposed:false
826 silly fetch manifest @esbuild/linux-loong64@0.27.7
827 silly packumentCache full:https://registry.npmjs.org/@esbuild%2flinux-loong64 cache-miss
828 http fetch GET 200 https://registry.npmjs.org/@esbuild%2fopenbsd-x64 67ms (cache miss)
829 silly packumentCache full:https://registry.npmjs.org/@esbuild%2fopenbsd-x64 set size:undefined disposed:false
830 silly fetch manifest @esbuild/linux-riscv64@0.27.7
831 silly packumentCache full:https://registry.npmjs.org/@esbuild%2flinux-riscv64 cache-miss
832 http fetch GET 200 https://registry.npmjs.org/@esbuild%2fnetbsd-arm64 60ms (cache miss)
833 silly packumentCache full:https://registry.npmjs.org/@esbuild%2fnetbsd-arm64 set size:undefined disposed:false
834 silly fetch manifest @esbuild/openbsd-arm64@0.27.7
835 silly packumentCache full:https://registry.npmjs.org/@esbuild%2fopenbsd-arm64 cache-miss
836 http fetch GET 200 https://registry.npmjs.org/@esbuild%2fwin32-arm64 78ms (cache miss)
837 silly packumentCache full:https://registry.npmjs.org/@esbuild%2fwin32-arm64 set size:undefined disposed:false
838 silly fetch manifest @esbuild/linux-mips64el@0.27.7
839 silly packumentCache full:https://registry.npmjs.org/@esbuild%2flinux-mips64el cache-miss
840 http fetch GET 200 https://registry.npmjs.org/@esbuild%2fdarwin-arm64 74ms (cache miss)
841 silly packumentCache full:https://registry.npmjs.org/@esbuild%2fdarwin-arm64 set size:undefined disposed:false
842 silly fetch manifest @esbuild/openharmony-arm64@0.27.7
843 silly packumentCache full:https://registry.npmjs.org/@esbuild%2fopenharmony-arm64 cache-miss
844 http fetch GET 200 https://registry.npmjs.org/@esbuild%2ffreebsd-arm64 78ms (cache miss)
845 silly packumentCache full:https://registry.npmjs.org/@esbuild%2ffreebsd-arm64 set size:undefined disposed:false
846 silly fetch manifest @types/estree@1.0.8
847 silly packumentCache full:https://registry.npmjs.org/@types%2festree cache-miss
848 http fetch GET 200 https://registry.npmjs.org/@esbuild%2fandroid-arm64 84ms (cache miss)
849 silly packumentCache full:https://registry.npmjs.org/@esbuild%2fandroid-arm64 set size:undefined disposed:false
850 silly fetch manifest @rollup/rollup-darwin-arm64@4.60.4
851 silly packumentCache full:https://registry.npmjs.org/@rollup%2frollup-darwin-arm64 cache-miss
852 http fetch GET 200 https://registry.npmjs.org/@esbuild%2flinux-loong64 58ms (cache miss)
853 silly packumentCache full:https://registry.npmjs.org/@esbuild%2flinux-loong64 set size:undefined disposed:false
854 silly fetch manifest @rollup/rollup-android-arm64@4.60.4
855 silly packumentCache full:https://registry.npmjs.org/@rollup%2frollup-android-arm64 cache-miss
856 http fetch GET 200 https://registry.npmjs.org/@esbuild%2flinux-riscv64 61ms (cache miss)
857 silly packumentCache full:https://registry.npmjs.org/@esbuild%2flinux-riscv64 set size:undefined disposed:false
858 silly fetch manifest @rollup/rollup-win32-arm64-msvc@4.60.4
859 silly packumentCache full:https://registry.npmjs.org/@rollup%2frollup-win32-arm64-msvc cache-miss
860 http fetch GET 200 https://registry.npmjs.org/@esbuild%2fopenbsd-arm64 54ms (cache miss)
861 silly packumentCache full:https://registry.npmjs.org/@esbuild%2fopenbsd-arm64 set size:undefined disposed:false
862 silly fetch manifest @rollup/rollup-freebsd-arm64@4.60.4
863 silly packumentCache full:https://registry.npmjs.org/@rollup%2frollup-freebsd-arm64 cache-miss
864 http fetch GET 200 https://registry.npmjs.org/@esbuild%2fopenharmony-arm64 51ms (cache miss)
865 silly packumentCache full:https://registry.npmjs.org/@esbuild%2fopenharmony-arm64 set size:undefined disposed:false
866 silly fetch manifest @rollup/rollup-linux-arm64-gnu@4.60.4
867 silly packumentCache full:https://registry.npmjs.org/@rollup%2frollup-linux-arm64-gnu cache-miss
868 http fetch GET 200 https://registry.npmjs.org/@types%2festree 50ms (cache miss)
869 silly packumentCache full:https://registry.npmjs.org/@types%2festree set size:undefined disposed:false
870 silly fetch manifest @rollup/rollup-linux-arm64-musl@4.60.4
871 silly packumentCache full:https://registry.npmjs.org/@rollup%2frollup-linux-arm64-musl cache-miss
872 http fetch GET 200 https://registry.npmjs.org/@esbuild%2flinux-mips64el 72ms (cache miss)
873 silly packumentCache full:https://registry.npmjs.org/@esbuild%2flinux-mips64el set size:undefined disposed:false
874 silly fetch manifest @rollup/rollup-android-arm-eabi@4.60.4
875 silly packumentCache full:https://registry.npmjs.org/@rollup%2frollup-android-arm-eabi cache-miss
876 http fetch GET 200 https://registry.npmjs.org/@rollup%2frollup-android-arm64 58ms (cache miss)
877 silly packumentCache full:https://registry.npmjs.org/@rollup%2frollup-android-arm64 set size:undefined disposed:false
878 silly fetch manifest @rollup/rollup-linux-arm-gnueabihf@4.60.4
879 silly packumentCache full:https://registry.npmjs.org/@rollup%2frollup-linux-arm-gnueabihf cache-miss
880 http fetch GET 200 https://registry.npmjs.org/@rollup%2frollup-darwin-arm64 63ms (cache miss)
881 silly packumentCache full:https://registry.npmjs.org/@rollup%2frollup-darwin-arm64 set size:undefined disposed:false
882 silly fetch manifest @rollup/rollup-linux-arm-musleabihf@4.60.4
883 silly packumentCache full:https://registry.npmjs.org/@rollup%2frollup-linux-arm-musleabihf cache-miss
884 http fetch GET 200 https://registry.npmjs.org/@rollup%2frollup-win32-arm64-msvc 59ms (cache miss)
885 silly packumentCache full:https://registry.npmjs.org/@rollup%2frollup-win32-arm64-msvc set size:undefined disposed:false
886 silly fetch manifest @rollup/rollup-win32-ia32-msvc@4.60.4
887 silly packumentCache full:https://registry.npmjs.org/@rollup%2frollup-win32-ia32-msvc cache-miss
888 http fetch GET 200 https://registry.npmjs.org/@rollup%2frollup-freebsd-arm64 59ms (cache miss)
889 silly packumentCache full:https://registry.npmjs.org/@rollup%2frollup-freebsd-arm64 set size:undefined disposed:false
890 silly fetch manifest @rollup/rollup-linux-loong64-gnu@4.60.4
891 silly packumentCache full:https://registry.npmjs.org/@rollup%2frollup-linux-loong64-gnu cache-miss
892 http fetch GET 200 https://registry.npmjs.org/@rollup%2frollup-linux-arm64-gnu 62ms (cache miss)
893 silly packumentCache full:https://registry.npmjs.org/@rollup%2frollup-linux-arm64-gnu set size:undefined disposed:false
894 silly fetch manifest @rollup/rollup-linux-loong64-musl@4.60.4
895 silly packumentCache full:https://registry.npmjs.org/@rollup%2frollup-linux-loong64-musl cache-miss
896 http fetch GET 200 https://registry.npmjs.org/@rollup%2frollup-linux-arm64-musl 64ms (cache miss)
897 silly packumentCache full:https://registry.npmjs.org/@rollup%2frollup-linux-arm64-musl set size:undefined disposed:false
898 silly fetch manifest @rollup/rollup-linux-riscv64-gnu@4.60.4
899 silly packumentCache full:https://registry.npmjs.org/@rollup%2frollup-linux-riscv64-gnu cache-miss
900 http fetch GET 200 https://registry.npmjs.org/@rollup%2frollup-linux-arm-gnueabihf 62ms (cache miss)
901 silly packumentCache full:https://registry.npmjs.org/@rollup%2frollup-linux-arm-gnueabihf set size:undefined disposed:false
902 silly fetch manifest @rollup/rollup-linux-riscv64-musl@4.60.4
903 silly packumentCache full:https://registry.npmjs.org/@rollup%2frollup-linux-riscv64-musl cache-miss
904 http fetch GET 200 https://registry.npmjs.org/@rollup%2frollup-linux-arm-musleabihf 71ms (cache miss)
905 silly packumentCache full:https://registry.npmjs.org/@rollup%2frollup-linux-arm-musleabihf set size:undefined disposed:false
906 silly fetch manifest @rollup/rollup-linux-ppc64-gnu@4.60.4
907 silly packumentCache full:https://registry.npmjs.org/@rollup%2frollup-linux-ppc64-gnu cache-miss
908 http fetch GET 200 https://registry.npmjs.org/@rollup%2frollup-android-arm-eabi 88ms (cache miss)
909 silly packumentCache full:https://registry.npmjs.org/@rollup%2frollup-android-arm-eabi set size:undefined disposed:false
910 silly fetch manifest @rollup/rollup-linux-ppc64-musl@4.60.4
911 silly packumentCache full:https://registry.npmjs.org/@rollup%2frollup-linux-ppc64-musl cache-miss
912 http fetch GET 200 https://registry.npmjs.org/@rollup%2frollup-win32-ia32-msvc 66ms (cache miss)
913 silly packumentCache full:https://registry.npmjs.org/@rollup%2frollup-win32-ia32-msvc set size:undefined disposed:false
914 silly fetch manifest @rollup/rollup-linux-s390x-gnu@4.60.4
915 silly packumentCache full:https://registry.npmjs.org/@rollup%2frollup-linux-s390x-gnu cache-miss
916 http fetch GET 200 https://registry.npmjs.org/@rollup%2frollup-linux-loong64-gnu 66ms (cache miss)
917 silly packumentCache full:https://registry.npmjs.org/@rollup%2frollup-linux-loong64-gnu set size:undefined disposed:false
918 silly fetch manifest @rollup/rollup-darwin-x64@4.60.4
919 silly packumentCache full:https://registry.npmjs.org/@rollup%2frollup-darwin-x64 cache-miss
920 http fetch GET 200 https://registry.npmjs.org/@rollup%2frollup-linux-loong64-musl 64ms (cache miss)
921 silly packumentCache full:https://registry.npmjs.org/@rollup%2frollup-linux-loong64-musl set size:undefined disposed:false
922 silly fetch manifest @rollup/rollup-win32-x64-gnu@4.60.4
923 silly packumentCache full:https://registry.npmjs.org/@rollup%2frollup-win32-x64-gnu cache-miss
924 http fetch GET 200 https://registry.npmjs.org/@rollup%2frollup-linux-riscv64-musl 43ms (cache miss)
925 silly packumentCache full:https://registry.npmjs.org/@rollup%2frollup-linux-riscv64-musl set size:undefined disposed:false
926 silly fetch manifest @rollup/rollup-win32-x64-msvc@4.60.4
927 silly packumentCache full:https://registry.npmjs.org/@rollup%2frollup-win32-x64-msvc cache-miss
928 http fetch GET 200 https://registry.npmjs.org/@rollup%2frollup-linux-riscv64-gnu 58ms (cache miss)
929 silly packumentCache full:https://registry.npmjs.org/@rollup%2frollup-linux-riscv64-gnu set size:undefined disposed:false
930 silly fetch manifest @rollup/rollup-freebsd-x64@4.60.4
931 silly packumentCache full:https://registry.npmjs.org/@rollup%2frollup-freebsd-x64 cache-miss
932 http fetch GET 200 https://registry.npmjs.org/@rollup%2frollup-linux-ppc64-gnu 65ms (cache miss)
933 silly packumentCache full:https://registry.npmjs.org/@rollup%2frollup-linux-ppc64-gnu set size:undefined disposed:false
934 silly fetch manifest @rollup/rollup-linux-x64-gnu@4.60.4
935 silly packumentCache full:https://registry.npmjs.org/@rollup%2frollup-linux-x64-gnu cache-miss
936 http fetch GET 200 https://registry.npmjs.org/@rollup%2frollup-linux-s390x-gnu 60ms (cache miss)
937 silly packumentCache full:https://registry.npmjs.org/@rollup%2frollup-linux-s390x-gnu set size:undefined disposed:false
938 silly fetch manifest @rollup/rollup-linux-x64-musl@4.60.4
939 silly packumentCache full:https://registry.npmjs.org/@rollup%2frollup-linux-x64-musl cache-miss
940 http fetch GET 200 https://registry.npmjs.org/@rollup%2frollup-win32-x64-msvc 50ms (cache miss)
941 silly packumentCache full:https://registry.npmjs.org/@rollup%2frollup-win32-x64-msvc set size:undefined disposed:false
942 silly fetch manifest @rollup/rollup-openbsd-x64@4.60.4
943 silly packumentCache full:https://registry.npmjs.org/@rollup%2frollup-openbsd-x64 cache-miss
944 http fetch GET 200 https://registry.npmjs.org/@rollup%2frollup-linux-ppc64-musl 76ms (cache miss)
945 silly packumentCache full:https://registry.npmjs.org/@rollup%2frollup-linux-ppc64-musl set size:undefined disposed:false
946 silly fetch manifest @rollup/rollup-openharmony-arm64@4.60.4
947 silly packumentCache full:https://registry.npmjs.org/@rollup%2frollup-openharmony-arm64 cache-miss
948 http fetch GET 200 https://registry.npmjs.org/@rollup%2frollup-win32-x64-gnu 63ms (cache miss)
949 silly packumentCache full:https://registry.npmjs.org/@rollup%2frollup-win32-x64-gnu set size:undefined disposed:false
950 http fetch GET 200 https://registry.npmjs.org/@rollup%2frollup-freebsd-x64 58ms (cache miss)
951 silly packumentCache full:https://registry.npmjs.org/@rollup%2frollup-freebsd-x64 set size:undefined disposed:false
952 http fetch GET 200 https://registry.npmjs.org/@rollup%2frollup-darwin-x64 88ms (cache miss)
953 silly packumentCache full:https://registry.npmjs.org/@rollup%2frollup-darwin-x64 set size:undefined disposed:false
954 http fetch GET 200 https://registry.npmjs.org/@rollup%2frollup-openbsd-x64 47ms (cache miss)
955 silly packumentCache full:https://registry.npmjs.org/@rollup%2frollup-openbsd-x64 set size:undefined disposed:false
956 http fetch GET 200 https://registry.npmjs.org/@rollup%2frollup-linux-x64-musl 56ms (cache miss)
957 silly packumentCache full:https://registry.npmjs.org/@rollup%2frollup-linux-x64-musl set size:undefined disposed:false
958 http fetch GET 200 https://registry.npmjs.org/@rollup%2frollup-openharmony-arm64 63ms (cache miss)
959 silly packumentCache full:https://registry.npmjs.org/@rollup%2frollup-openharmony-arm64 set size:undefined disposed:false
960 http fetch GET 200 https://registry.npmjs.org/@rollup%2frollup-linux-x64-gnu 83ms (cache miss)
961 silly packumentCache full:https://registry.npmjs.org/@rollup%2frollup-linux-x64-gnu set size:undefined disposed:false
962 silly placeDep ROOT @esbuild/aix-ppc64@0.27.7 OK for: esbuild@0.27.7 want: 0.27.7
963 silly placeDep ROOT @esbuild/android-arm@0.27.7 OK for: esbuild@0.27.7 want: 0.27.7
964 silly placeDep ROOT @esbuild/android-arm64@0.27.7 OK for: esbuild@0.27.7 want: 0.27.7
965 silly placeDep ROOT @esbuild/android-x64@0.27.7 OK for: esbuild@0.27.7 want: 0.27.7
966 silly placeDep ROOT @esbuild/darwin-arm64@0.27.7 OK for: esbuild@0.27.7 want: 0.27.7
967 silly placeDep ROOT @esbuild/darwin-x64@0.27.7 OK for: esbuild@0.27.7 want: 0.27.7
968 silly placeDep ROOT @esbuild/freebsd-arm64@0.27.7 OK for: esbuild@0.27.7 want: 0.27.7
969 silly placeDep ROOT @esbuild/freebsd-x64@0.27.7 OK for: esbuild@0.27.7 want: 0.27.7
970 silly placeDep ROOT @esbuild/linux-arm@0.27.7 OK for: esbuild@0.27.7 want: 0.27.7
971 silly placeDep ROOT @esbuild/linux-arm64@0.27.7 OK for: esbuild@0.27.7 want: 0.27.7
972 silly placeDep ROOT @esbuild/linux-ia32@0.27.7 OK for: esbuild@0.27.7 want: 0.27.7
973 silly placeDep ROOT @esbuild/linux-loong64@0.27.7 OK for: esbuild@0.27.7 want: 0.27.7
974 silly placeDep ROOT @esbuild/linux-mips64el@0.27.7 OK for: esbuild@0.27.7 want: 0.27.7
975 silly placeDep ROOT @esbuild/linux-ppc64@0.27.7 OK for: esbuild@0.27.7 want: 0.27.7
976 silly placeDep ROOT @esbuild/linux-riscv64@0.27.7 OK for: esbuild@0.27.7 want: 0.27.7
977 silly placeDep ROOT @esbuild/linux-s390x@0.27.7 OK for: esbuild@0.27.7 want: 0.27.7
978 silly placeDep ROOT @esbuild/linux-x64@0.27.7 OK for: esbuild@0.27.7 want: 0.27.7
979 silly placeDep ROOT @esbuild/netbsd-arm64@0.27.7 OK for: esbuild@0.27.7 want: 0.27.7
980 silly placeDep ROOT @esbuild/netbsd-x64@0.27.7 OK for: esbuild@0.27.7 want: 0.27.7
981 silly placeDep ROOT @esbuild/openbsd-arm64@0.27.7 OK for: esbuild@0.27.7 want: 0.27.7
982 silly placeDep ROOT @esbuild/openbsd-x64@0.27.7 OK for: esbuild@0.27.7 want: 0.27.7
983 silly placeDep ROOT @esbuild/openharmony-arm64@0.27.7 OK for: esbuild@0.27.7 want: 0.27.7
984 silly placeDep ROOT @esbuild/sunos-x64@0.27.7 OK for: esbuild@0.27.7 want: 0.27.7
985 silly placeDep ROOT @esbuild/win32-arm64@0.27.7 OK for: esbuild@0.27.7 want: 0.27.7
986 silly placeDep ROOT @esbuild/win32-ia32@0.27.7 OK for: esbuild@0.27.7 want: 0.27.7
987 silly placeDep ROOT @esbuild/win32-x64@0.27.7 OK for: esbuild@0.27.7 want: 0.27.7
988 silly placeDep ROOT @rollup/rollup-android-arm-eabi@4.60.4 OK for: rollup@4.60.4 want: 4.60.4
989 silly placeDep ROOT @rollup/rollup-android-arm64@4.60.4 OK for: rollup@4.60.4 want: 4.60.4
990 silly placeDep ROOT @rollup/rollup-darwin-arm64@4.60.4 OK for: rollup@4.60.4 want: 4.60.4
991 silly placeDep ROOT @rollup/rollup-darwin-x64@4.60.4 OK for: rollup@4.60.4 want: 4.60.4
992 silly placeDep ROOT @rollup/rollup-freebsd-arm64@4.60.4 OK for: rollup@4.60.4 want: 4.60.4
993 silly placeDep ROOT @rollup/rollup-freebsd-x64@4.60.4 OK for: rollup@4.60.4 want: 4.60.4
994 silly placeDep ROOT @rollup/rollup-linux-arm-gnueabihf@4.60.4 OK for: rollup@4.60.4 want: 4.60.4
995 silly placeDep ROOT @rollup/rollup-linux-arm-musleabihf@4.60.4 OK for: rollup@4.60.4 want: 4.60.4
996 silly placeDep ROOT @rollup/rollup-linux-arm64-gnu@4.60.4 OK for: rollup@4.60.4 want: 4.60.4
997 silly placeDep ROOT @rollup/rollup-linux-arm64-musl@4.60.4 OK for: rollup@4.60.4 want: 4.60.4
998 silly placeDep ROOT @rollup/rollup-linux-loong64-gnu@4.60.4 OK for: rollup@4.60.4 want: 4.60.4
999 silly placeDep ROOT @rollup/rollup-linux-loong64-musl@4.60.4 OK for: rollup@4.60.4 want: 4.60.4
1000 silly placeDep ROOT @rollup/rollup-linux-ppc64-gnu@4.60.4 OK for: rollup@4.60.4 want: 4.60.4
1001 silly placeDep ROOT @rollup/rollup-linux-ppc64-musl@4.60.4 OK for: rollup@4.60.4 want: 4.60.4
1002 silly placeDep ROOT @rollup/rollup-linux-riscv64-gnu@4.60.4 OK for: rollup@4.60.4 want: 4.60.4
1003 silly placeDep ROOT @rollup/rollup-linux-riscv64-musl@4.60.4 OK for: rollup@4.60.4 want: 4.60.4
1004 silly placeDep ROOT @rollup/rollup-linux-s390x-gnu@4.60.4 OK for: rollup@4.60.4 want: 4.60.4
1005 silly placeDep ROOT @rollup/rollup-linux-x64-gnu@4.60.4 OK for: rollup@4.60.4 want: 4.60.4
1006 silly placeDep ROOT @rollup/rollup-linux-x64-musl@4.60.4 OK for: rollup@4.60.4 want: 4.60.4
1007 silly placeDep ROOT @rollup/rollup-openbsd-x64@4.60.4 OK for: rollup@4.60.4 want: 4.60.4
1008 silly placeDep ROOT @rollup/rollup-openharmony-arm64@4.60.4 OK for: rollup@4.60.4 want: 4.60.4
1009 silly placeDep ROOT @rollup/rollup-win32-arm64-msvc@4.60.4 OK for: rollup@4.60.4 want: 4.60.4
1010 silly placeDep ROOT @rollup/rollup-win32-ia32-msvc@4.60.4 OK for: rollup@4.60.4 want: 4.60.4
1011 silly placeDep ROOT @rollup/rollup-win32-x64-gnu@4.60.4 OK for: rollup@4.60.4 want: 4.60.4
1012 silly placeDep ROOT @rollup/rollup-win32-x64-msvc@4.60.4 OK for: rollup@4.60.4 want: 4.60.4
1013 silly placeDep ROOT @types/estree@1.0.8 OK for: rollup@4.60.4 want: 1.0.8
1014 silly reify moves {}
1015 silly audit bulk request {
1015 silly audit   '@types/react': [ '19.2.14' ],
1015 silly audit   '@types/react-dom': [ '19.2.3' ],
1015 silly audit   '@vitejs/plugin-react': [ '4.7.0' ],
1015 silly audit   autoprefixer: [ '10.4.20' ],
1015 silly audit   postcss: [ '8.4.49', '8.5.14' ],
1015 silly audit   react: [ '19.2.6' ],
1015 silly audit   'react-dom': [ '19.2.6' ],
1015 silly audit   tailwindcss: [ '3.4.19' ],
1015 silly audit   typescript: [ '5.9.3' ],
1015 silly audit   vite: [ '7.3.3' ],
1015 silly audit   csstype: [ '3.2.3' ],
1015 silly audit   '@babel/core': [ '7.29.0' ],
1015 silly audit   '@babel/plugin-transform-react-jsx-self': [ '7.27.1' ],
1015 silly audit   '@babel/plugin-transform-react-jsx-source': [ '7.27.1' ],
1015 silly audit   '@rolldown/pluginutils': [ '1.0.0-beta.27' ],
1015 silly audit   '@types/babel__core': [ '7.20.5' ],
1015 silly audit   'react-refresh': [ '0.17.0' ],
1015 silly audit   '@babel/code-frame': [ '7.29.0' ],
1015 silly audit   '@babel/generator': [ '7.29.1' ],
1015 silly audit   '@babel/helper-compilation-targets': [ '7.28.6' ],
1015 silly audit   '@babel/helper-module-transforms': [ '7.28.6' ],
1015 silly audit   '@babel/helpers': [ '7.29.2' ],
1015 silly audit   '@babel/parser': [ '7.29.3' ],
1015 silly audit   '@babel/template': [ '7.28.6' ],
1015 silly audit   '@babel/traverse': [ '7.29.0' ],
1015 silly audit   '@babel/types': [ '7.29.0' ],
1015 silly audit   '@jridgewell/remapping': [ '2.3.5' ],
1015 silly audit   'convert-source-map': [ '2.0.0' ],
1015 silly audit   debug: [ '4.4.3' ],
1015 silly audit   gensync: [ '1.0.0-beta.2' ],
1015 silly audit   json5: [ '2.2.3' ],
1015 silly audit   semver: [ '6.3.1' ],
1015 silly audit   '@babel/helper-validator-identifier': [ '7.28.5' ],
1015 silly audit   'js-tokens': [ '4.0.0' ],
1015 silly audit   picocolors: [ '1.1.1' ],
1015 silly audit   '@jridgewell/gen-mapping': [ '0.3.13' ],
1015 silly audit   '@jridgewell/trace-mapping': [ '0.3.31' ],
1015 silly audit   jsesc: [ '3.1.0' ],
1015 silly audit   '@babel/compat-data': [ '7.29.3' ],
1015 silly audit   '@babel/helper-validator-option': [ '7.27.1' ],
1015 silly audit   browserslist: [ '4.28.2' ],
1015 silly audit   'lru-cache': [ '5.1.1' ],
1015 silly audit   '@babel/helper-module-imports': [ '7.28.6' ],
1015 silly audit   '@babel/helper-plugin-utils': [ '7.28.6' ],
1015 silly audit   '@babel/helper-globals': [ '7.28.0' ],
1015 silly audit   '@babel/helper-string-parser': [ '7.27.1' ],
1015 silly audit   '@jridgewell/sourcemap-codec': [ '1.5.5' ],
1015 silly audit   '@jridgewell/resolve-uri': [ '3.1.2' ],
1015 silly audit   '@types/babel__generator': [ '7.27.0' ],
1015 silly audit   '@types/babel__template': [ '7.4.4' ],
1015 silly audit   '@types/babel__traverse': [ '7.28.0' ],
1015 silly audit   'caniuse-lite': [ '1.0.30001793' ],
1015 silly audit   'fraction.js': [ '4.3.7' ],
1015 silly audit   'normalize-range': [ '0.1.2' ],
1015 silly audit   'postcss-value-parser': [ '4.2.0' ],
1015 silly audit   'baseline-browser-mapping': [ '2.10.30' ],
1015 silly audit   'electron-to-chromium': [ '1.5.357' ],
1015 silly audit   'node-releases': [ '2.0.44' ],
1015 silly audit   'update-browserslist-db': [ '1.2.3' ],
1015 silly audit   ms: [ '2.1.3' ],
1015 silly audit   yallist: [ '3.1.1' ],
1015 silly audit   nanoid: [ '3.3.12' ],
1015 silly audit   'source-map-js': [ '1.2.1' ],
1015 silly audit   scheduler: [ '0.27.0' ],
1015 silly audit   '@alloc/quick-lru': [ '5.2.0' ],
1015 silly audit   arg: [ '5.0.2' ],
1015 silly audit   chokidar: [ '3.6.0' ],
1015 silly audit   didyoumean: [ '1.2.2' ],
1015 silly audit   dlv: [ '1.1.3' ],
1015 silly audit   'fast-glob': [ '3.3.3' ],
1015 silly audit   'glob-parent': [ '6.0.2', '5.1.2' ],
1015 silly audit   'is-glob': [ '4.0.3' ],
1015 silly audit   jiti: [ '1.21.7' ],
1015 silly audit   lilconfig: [ '3.1.3' ],
1015 silly audit   micromatch: [ '4.0.8' ],
1015 silly audit   'normalize-path': [ '3.0.0' ],
1015 silly audit   'object-hash': [ '3.0.0' ],
1015 silly audit   'postcss-import': [ '15.1.0' ],
1015 silly audit   'postcss-js': [ '4.1.0' ],
1015 silly audit   'postcss-load-config': [ '6.0.1' ],
1015 silly audit   'postcss-nested': [ '6.2.0' ],
1015 silly audit   'postcss-selector-parser': [ '6.1.2' ],
1015 silly audit   resolve: [ '1.22.12' ],
1015 silly audit   sucrase: [ '3.35.1' ],
1015 silly audit   anymatch: [ '3.1.3' ],
1015 silly audit   braces: [ '3.0.3' ],
1015 silly audit   fsevents: [ '2.3.3' ],
1015 silly audit   'is-binary-path': [ '2.1.0' ],
1015 silly audit   readdirp: [ '3.6.0' ],
1015 silly audit   picomatch: [ '2.3.2', '4.0.4' ],
1015 silly audit   'fill-range': [ '7.1.1' ],
1015 silly audit   '@nodelib/fs.stat': [ '2.0.5' ],
1015 silly audit   '@nodelib/fs.walk': [ '1.2.8' ],
1015 silly audit   merge2: [ '1.4.1' ],
1015 silly audit   '@nodelib/fs.scandir': [ '2.1.5' ],
1015 silly audit   fastq: [ '1.20.1' ],
1015 silly audit   'run-parallel': [ '1.2.0' ],
1015 silly audit   reusify: [ '1.1.0' ],
1015 silly audit   'to-regex-range': [ '5.0.1' ],
1015 silly audit   'binary-extensions': [ '2.3.0' ],
1015 silly audit   'is-extglob': [ '2.1.1' ],
1015 silly audit   'read-cache': [ '1.0.0' ],
1015 silly audit   'camelcase-css': [ '2.0.1' ],
1015 silly audit   cssesc: [ '3.0.0' ],
1015 silly audit   'util-deprecate': [ '1.0.2' ],
1015 silly audit   pify: [ '2.3.0' ],
1015 silly audit   'es-errors': [ '1.3.0' ],
1015 silly audit   'is-core-module': [ '2.16.2' ],
1015 silly audit   'path-parse': [ '1.0.7' ],
1015 silly audit   'supports-preserve-symlinks-flag': [ '1.0.0' ],
1015 silly audit   hasown: [ '2.0.3' ],
1015 silly audit   'function-bind': [ '1.1.2' ],
1015 silly audit   'queue-microtask': [ '1.2.3' ],
1015 silly audit   commander: [ '4.1.1' ],
1015 silly audit   'lines-and-columns': [ '1.2.4' ],
1015 silly audit   mz: [ '2.7.0' ],
1015 silly audit   pirates: [ '4.0.7' ],
1015 silly audit   tinyglobby: [ '0.2.16' ],
1015 silly audit   'ts-interface-checker': [ '0.1.13' ],
1015 silly audit   'any-promise': [ '1.3.0' ],
1015 silly audit   'object-assign': [ '4.1.1' ],
1015 silly audit   'thenify-all': [ '1.6.0' ],
1015 silly audit   thenify: [ '3.3.1' ],
1015 silly audit   fdir: [ '6.5.0' ],
1015 silly audit   'is-number': [ '7.0.0' ],
1015 silly audit   escalade: [ '3.2.0' ],
1015 silly audit   esbuild: [ '0.27.7' ],
1015 silly audit   rollup: [ '4.60.4' ],
1015 silly audit   '@esbuild/aix-ppc64': [ '0.27.7' ],
1015 silly audit   '@esbuild/android-arm': [ '0.27.7' ],
1015 silly audit   '@esbuild/android-arm64': [ '0.27.7' ],
1015 silly audit   '@esbuild/android-x64': [ '0.27.7' ],
1015 silly audit   '@esbuild/darwin-arm64': [ '0.27.7' ],
1015 silly audit   '@esbuild/darwin-x64': [ '0.27.7' ],
1015 silly audit   '@esbuild/freebsd-arm64': [ '0.27.7' ],
1015 silly audit   '@esbuild/freebsd-x64': [ '0.27.7' ],
1015 silly audit   '@esbuild/linux-arm': [ '0.27.7' ],
1015 silly audit   '@esbuild/linux-arm64': [ '0.27.7' ],
1015 silly audit   '@esbuild/linux-ia32': [ '0.27.7' ],
1015 silly audit   '@esbuild/linux-loong64': [ '0.27.7' ],
1015 silly audit   '@esbuild/linux-mips64el': [ '0.27.7' ],
1015 silly audit   '@esbuild/linux-ppc64': [ '0.27.7' ],
1015 silly audit   '@esbuild/linux-riscv64': [ '0.27.7' ],
1015 silly audit   '@esbuild/linux-s390x': [ '0.27.7' ],
1015 silly audit   '@esbuild/linux-x64': [ '0.27.7' ],
1015 silly audit   '@esbuild/netbsd-arm64': [ '0.27.7' ],
1015 silly audit   '@esbuild/netbsd-x64': [ '0.27.7' ],
1015 silly audit   '@esbuild/openbsd-arm64': [ '0.27.7' ],
1015 silly audit   '@esbuild/openbsd-x64': [ '0.27.7' ],
1015 silly audit   '@esbuild/openharmony-arm64': [ '0.27.7' ],
1015 silly audit   '@esbuild/sunos-x64': [ '0.27.7' ],
1015 silly audit   '@esbuild/win32-arm64': [ '0.27.7' ],
1015 silly audit   '@esbuild/win32-ia32': [ '0.27.7' ],
1015 silly audit   '@esbuild/win32-x64': [ '0.27.7' ],
1015 silly audit   '@rollup/rollup-android-arm-eabi': [ '4.60.4' ],
1015 silly audit   '@rollup/rollup-android-arm64': [ '4.60.4' ],
1015 silly audit   '@rollup/rollup-darwin-arm64': [ '4.60.4' ],
1015 silly audit   '@rollup/rollup-darwin-x64': [ '4.60.4' ],
1015 silly audit   '@rollup/rollup-freebsd-arm64': [ '4.60.4' ],
1015 silly audit   '@rollup/rollup-freebsd-x64': [ '4.60.4' ],
1015 silly audit   '@rollup/rollup-linux-arm-gnueabihf': [ '4.60.4' ],
1015 silly audit   '@rollup/rollup-linux-arm-musleabihf': [ '4.60.4' ],
1015 silly audit   '@rollup/rollup-linux-arm64-gnu': [ '4.60.4' ],
1015 silly audit   '@rollup/rollup-linux-arm64-musl': [ '4.60.4' ],
1015 silly audit   '@rollup/rollup-linux-loong64-gnu': [ '4.60.4' ],
1015 silly audit   '@rollup/rollup-linux-loong64-musl': [ '4.60.4' ],
1015 silly audit   '@rollup/rollup-linux-ppc64-gnu': [ '4.60.4' ],
1015 silly audit   '@rollup/rollup-linux-ppc64-musl': [ '4.60.4' ],
1015 silly audit   '@rollup/rollup-linux-riscv64-gnu': [ '4.60.4' ],
1015 silly audit   '@rollup/rollup-linux-riscv64-musl': [ '4.60.4' ],
1015 silly audit   '@rollup/rollup-linux-s390x-gnu': [ '4.60.4' ],
1015 silly audit   '@rollup/rollup-linux-x64-gnu': [ '4.60.4' ],
1015 silly audit   '@rollup/rollup-linux-x64-musl': [ '4.60.4' ],
1015 silly audit   '@rollup/rollup-openbsd-x64': [ '4.60.4' ],
1015 silly audit   '@rollup/rollup-openharmony-arm64': [ '4.60.4' ],
1015 silly audit   '@rollup/rollup-win32-arm64-msvc': [ '4.60.4' ],
1015 silly audit   '@rollup/rollup-win32-ia32-msvc': [ '4.60.4' ],
1015 silly audit   '@rollup/rollup-win32-x64-gnu': [ '4.60.4' ],
1015 silly audit   '@rollup/rollup-win32-x64-msvc': [ '4.60.4' ],
1015 silly audit   '@types/estree': [ '1.0.8' ]
1015 silly audit }
1016 verbose reify failed optional dependency /Users/gersonbarrientos/Documents/GitHub/Mood Brew/node_modules/@rollup/rollup-win32-x64-msvc
1017 silly reify mark deleted [
1017 silly reify   '/Users/gersonbarrientos/Documents/GitHub/Mood Brew/node_modules/@rollup/rollup-win32-x64-msvc'
1017 silly reify ]
1018 verbose reify failed optional dependency /Users/gersonbarrientos/Documents/GitHub/Mood Brew/node_modules/@rollup/rollup-win32-x64-gnu
1019 silly reify mark deleted [
1019 silly reify   '/Users/gersonbarrientos/Documents/GitHub/Mood Brew/node_modules/@rollup/rollup-win32-x64-gnu'
1019 silly reify ]
1020 verbose reify failed optional dependency /Users/gersonbarrientos/Documents/GitHub/Mood Brew/node_modules/@rollup/rollup-win32-ia32-msvc
1021 silly reify mark deleted [
1021 silly reify   '/Users/gersonbarrientos/Documents/GitHub/Mood Brew/node_modules/@rollup/rollup-win32-ia32-msvc'
1021 silly reify ]
1022 verbose reify failed optional dependency /Users/gersonbarrientos/Documents/GitHub/Mood Brew/node_modules/@rollup/rollup-win32-arm64-msvc
1023 silly reify mark deleted [
1023 silly reify   '/Users/gersonbarrientos/Documents/GitHub/Mood Brew/node_modules/@rollup/rollup-win32-arm64-msvc'
1023 silly reify ]
1024 verbose reify failed optional dependency /Users/gersonbarrientos/Documents/GitHub/Mood Brew/node_modules/@rollup/rollup-openharmony-arm64
1025 silly reify mark deleted [
1025 silly reify   '/Users/gersonbarrientos/Documents/GitHub/Mood Brew/node_modules/@rollup/rollup-openharmony-arm64'
1025 silly reify ]
1026 verbose reify failed optional dependency /Users/gersonbarrientos/Documents/GitHub/Mood Brew/node_modules/@rollup/rollup-openbsd-x64
1027 silly reify mark deleted [
1027 silly reify   '/Users/gersonbarrientos/Documents/GitHub/Mood Brew/node_modules/@rollup/rollup-openbsd-x64'
1027 silly reify ]
1028 verbose reify failed optional dependency /Users/gersonbarrientos/Documents/GitHub/Mood Brew/node_modules/@rollup/rollup-linux-x64-musl
1029 silly reify mark deleted [
1029 silly reify   '/Users/gersonbarrientos/Documents/GitHub/Mood Brew/node_modules/@rollup/rollup-linux-x64-musl'
1029 silly reify ]
1030 verbose reify failed optional dependency /Users/gersonbarrientos/Documents/GitHub/Mood Brew/node_modules/@rollup/rollup-linux-x64-gnu
1031 silly reify mark deleted [
1031 silly reify   '/Users/gersonbarrientos/Documents/GitHub/Mood Brew/node_modules/@rollup/rollup-linux-x64-gnu'
1031 silly reify ]
1032 verbose reify failed optional dependency /Users/gersonbarrientos/Documents/GitHub/Mood Brew/node_modules/@rollup/rollup-linux-s390x-gnu
1033 silly reify mark deleted [
1033 silly reify   '/Users/gersonbarrientos/Documents/GitHub/Mood Brew/node_modules/@rollup/rollup-linux-s390x-gnu'
1033 silly reify ]
1034 verbose reify failed optional dependency /Users/gersonbarrientos/Documents/GitHub/Mood Brew/node_modules/@rollup/rollup-linux-riscv64-musl
1035 silly reify mark deleted [
1035 silly reify   '/Users/gersonbarrientos/Documents/GitHub/Mood Brew/node_modules/@rollup/rollup-linux-riscv64-musl'
1035 silly reify ]
1036 verbose reify failed optional dependency /Users/gersonbarrientos/Documents/GitHub/Mood Brew/node_modules/@rollup/rollup-linux-riscv64-gnu
1037 silly reify mark deleted [
1037 silly reify   '/Users/gersonbarrientos/Documents/GitHub/Mood Brew/node_modules/@rollup/rollup-linux-riscv64-gnu'
1037 silly reify ]
1038 verbose reify failed optional dependency /Users/gersonbarrientos/Documents/GitHub/Mood Brew/node_modules/@rollup/rollup-linux-ppc64-musl
1039 silly reify mark deleted [
1039 silly reify   '/Users/gersonbarrientos/Documents/GitHub/Mood Brew/node_modules/@rollup/rollup-linux-ppc64-musl'
1039 silly reify ]
1040 verbose reify failed optional dependency /Users/gersonbarrientos/Documents/GitHub/Mood Brew/node_modules/@rollup/rollup-linux-ppc64-gnu
1041 silly reify mark deleted [
1041 silly reify   '/Users/gersonbarrientos/Documents/GitHub/Mood Brew/node_modules/@rollup/rollup-linux-ppc64-gnu'
1041 silly reify ]
1042 verbose reify failed optional dependency /Users/gersonbarrientos/Documents/GitHub/Mood Brew/node_modules/@rollup/rollup-linux-loong64-musl
1043 silly reify mark deleted [
1043 silly reify   '/Users/gersonbarrientos/Documents/GitHub/Mood Brew/node_modules/@rollup/rollup-linux-loong64-musl'
1043 silly reify ]
1044 verbose reify failed optional dependency /Users/gersonbarrientos/Documents/GitHub/Mood Brew/node_modules/@rollup/rollup-linux-loong64-gnu
1045 silly reify mark deleted [
1045 silly reify   '/Users/gersonbarrientos/Documents/GitHub/Mood Brew/node_modules/@rollup/rollup-linux-loong64-gnu'
1045 silly reify ]
1046 verbose reify failed optional dependency /Users/gersonbarrientos/Documents/GitHub/Mood Brew/node_modules/@rollup/rollup-linux-arm64-musl
1047 silly reify mark deleted [
1047 silly reify   '/Users/gersonbarrientos/Documents/GitHub/Mood Brew/node_modules/@rollup/rollup-linux-arm64-musl'
1047 silly reify ]
1048 verbose reify failed optional dependency /Users/gersonbarrientos/Documents/GitHub/Mood Brew/node_modules/@rollup/rollup-linux-arm64-gnu
1049 silly reify mark deleted [
1049 silly reify   '/Users/gersonbarrientos/Documents/GitHub/Mood Brew/node_modules/@rollup/rollup-linux-arm64-gnu'
1049 silly reify ]
1050 verbose reify failed optional dependency /Users/gersonbarrientos/Documents/GitHub/Mood Brew/node_modules/@rollup/rollup-linux-arm-musleabihf
1051 silly reify mark deleted [
1051 silly reify   '/Users/gersonbarrientos/Documents/GitHub/Mood Brew/node_modules/@rollup/rollup-linux-arm-musleabihf'
1051 silly reify ]
1052 verbose reify failed optional dependency /Users/gersonbarrientos/Documents/GitHub/Mood Brew/node_modules/@rollup/rollup-linux-arm-gnueabihf
1053 silly reify mark deleted [
1053 silly reify   '/Users/gersonbarrientos/Documents/GitHub/Mood Brew/node_modules/@rollup/rollup-linux-arm-gnueabihf'
1053 silly reify ]
1054 verbose reify failed optional dependency /Users/gersonbarrientos/Documents/GitHub/Mood Brew/node_modules/@rollup/rollup-freebsd-x64
1055 silly reify mark deleted [
1055 silly reify   '/Users/gersonbarrientos/Documents/GitHub/Mood Brew/node_modules/@rollup/rollup-freebsd-x64'
1055 silly reify ]
1056 verbose reify failed optional dependency /Users/gersonbarrientos/Documents/GitHub/Mood Brew/node_modules/@rollup/rollup-freebsd-arm64
1057 silly reify mark deleted [
1057 silly reify   '/Users/gersonbarrientos/Documents/GitHub/Mood Brew/node_modules/@rollup/rollup-freebsd-arm64'
1057 silly reify ]
1058 verbose reify failed optional dependency /Users/gersonbarrientos/Documents/GitHub/Mood Brew/node_modules/@rollup/rollup-darwin-x64
1059 silly reify mark deleted [
1059 silly reify   '/Users/gersonbarrientos/Documents/GitHub/Mood Brew/node_modules/@rollup/rollup-darwin-x64'
1059 silly reify ]
1060 verbose reify failed optional dependency /Users/gersonbarrientos/Documents/GitHub/Mood Brew/node_modules/@rollup/rollup-android-arm64
1061 silly reify mark deleted [
1061 silly reify   '/Users/gersonbarrientos/Documents/GitHub/Mood Brew/node_modules/@rollup/rollup-android-arm64'
1061 silly reify ]
1062 verbose reify failed optional dependency /Users/gersonbarrientos/Documents/GitHub/Mood Brew/node_modules/@rollup/rollup-android-arm-eabi
1063 silly reify mark deleted [
1063 silly reify   '/Users/gersonbarrientos/Documents/GitHub/Mood Brew/node_modules/@rollup/rollup-android-arm-eabi'
1063 silly reify ]
1064 verbose reify failed optional dependency /Users/gersonbarrientos/Documents/GitHub/Mood Brew/node_modules/@esbuild/win32-x64
1065 silly reify mark deleted [
1065 silly reify   '/Users/gersonbarrientos/Documents/GitHub/Mood Brew/node_modules/@esbuild/win32-x64'
1065 silly reify ]
1066 verbose reify failed optional dependency /Users/gersonbarrientos/Documents/GitHub/Mood Brew/node_modules/@esbuild/win32-ia32
1067 silly reify mark deleted [
1067 silly reify   '/Users/gersonbarrientos/Documents/GitHub/Mood Brew/node_modules/@esbuild/win32-ia32'
1067 silly reify ]
1068 verbose reify failed optional dependency /Users/gersonbarrientos/Documents/GitHub/Mood Brew/node_modules/@esbuild/win32-arm64
1069 silly reify mark deleted [
1069 silly reify   '/Users/gersonbarrientos/Documents/GitHub/Mood Brew/node_modules/@esbuild/win32-arm64'
1069 silly reify ]
1070 verbose reify failed optional dependency /Users/gersonbarrientos/Documents/GitHub/Mood Brew/node_modules/@esbuild/sunos-x64
1071 silly reify mark deleted [
1071 silly reify   '/Users/gersonbarrientos/Documents/GitHub/Mood Brew/node_modules/@esbuild/sunos-x64'
1071 silly reify ]
1072 verbose reify failed optional dependency /Users/gersonbarrientos/Documents/GitHub/Mood Brew/node_modules/@esbuild/openharmony-arm64
1073 silly reify mark deleted [
1073 silly reify   '/Users/gersonbarrientos/Documents/GitHub/Mood Brew/node_modules/@esbuild/openharmony-arm64'
1073 silly reify ]
1074 verbose reify failed optional dependency /Users/gersonbarrientos/Documents/GitHub/Mood Brew/node_modules/@esbuild/openbsd-x64
1075 silly reify mark deleted [
1075 silly reify   '/Users/gersonbarrientos/Documents/GitHub/Mood Brew/node_modules/@esbuild/openbsd-x64'
1075 silly reify ]
1076 verbose reify failed optional dependency /Users/gersonbarrientos/Documents/GitHub/Mood Brew/node_modules/@esbuild/openbsd-arm64
1077 silly reify mark deleted [
1077 silly reify   '/Users/gersonbarrientos/Documents/GitHub/Mood Brew/node_modules/@esbuild/openbsd-arm64'
1077 silly reify ]
1078 verbose reify failed optional dependency /Users/gersonbarrientos/Documents/GitHub/Mood Brew/node_modules/@esbuild/netbsd-x64
1079 silly reify mark deleted [
1079 silly reify   '/Users/gersonbarrientos/Documents/GitHub/Mood Brew/node_modules/@esbuild/netbsd-x64'
1079 silly reify ]
1080 verbose reify failed optional dependency /Users/gersonbarrientos/Documents/GitHub/Mood Brew/node_modules/@esbuild/netbsd-arm64
1081 silly reify mark deleted [
1081 silly reify   '/Users/gersonbarrientos/Documents/GitHub/Mood Brew/node_modules/@esbuild/netbsd-arm64'
1081 silly reify ]
1082 verbose reify failed optional dependency /Users/gersonbarrientos/Documents/GitHub/Mood Brew/node_modules/@esbuild/linux-x64
1083 silly reify mark deleted [
1083 silly reify   '/Users/gersonbarrientos/Documents/GitHub/Mood Brew/node_modules/@esbuild/linux-x64'
1083 silly reify ]
1084 verbose reify failed optional dependency /Users/gersonbarrientos/Documents/GitHub/Mood Brew/node_modules/@esbuild/linux-s390x
1085 silly reify mark deleted [
1085 silly reify   '/Users/gersonbarrientos/Documents/GitHub/Mood Brew/node_modules/@esbuild/linux-s390x'
1085 silly reify ]
1086 verbose reify failed optional dependency /Users/gersonbarrientos/Documents/GitHub/Mood Brew/node_modules/@esbuild/linux-riscv64
1087 silly reify mark deleted [
1087 silly reify   '/Users/gersonbarrientos/Documents/GitHub/Mood Brew/node_modules/@esbuild/linux-riscv64'
1087 silly reify ]
1088 verbose reify failed optional dependency /Users/gersonbarrientos/Documents/GitHub/Mood Brew/node_modules/@esbuild/linux-ppc64
1089 silly reify mark deleted [
1089 silly reify   '/Users/gersonbarrientos/Documents/GitHub/Mood Brew/node_modules/@esbuild/linux-ppc64'
1089 silly reify ]
1090 verbose reify failed optional dependency /Users/gersonbarrientos/Documents/GitHub/Mood Brew/node_modules/@esbuild/linux-mips64el
1091 silly reify mark deleted [
1091 silly reify   '/Users/gersonbarrientos/Documents/GitHub/Mood Brew/node_modules/@esbuild/linux-mips64el'
1091 silly reify ]
1092 verbose reify failed optional dependency /Users/gersonbarrientos/Documents/GitHub/Mood Brew/node_modules/@esbuild/linux-loong64
1093 silly reify mark deleted [
1093 silly reify   '/Users/gersonbarrientos/Documents/GitHub/Mood Brew/node_modules/@esbuild/linux-loong64'
1093 silly reify ]
1094 verbose reify failed optional dependency /Users/gersonbarrientos/Documents/GitHub/Mood Brew/node_modules/@esbuild/linux-ia32
1095 silly reify mark deleted [
1095 silly reify   '/Users/gersonbarrientos/Documents/GitHub/Mood Brew/node_modules/@esbuild/linux-ia32'
1095 silly reify ]
1096 verbose reify failed optional dependency /Users/gersonbarrientos/Documents/GitHub/Mood Brew/node_modules/@esbuild/linux-arm64
1097 silly reify mark deleted [
1097 silly reify   '/Users/gersonbarrientos/Documents/GitHub/Mood Brew/node_modules/@esbuild/linux-arm64'
1097 silly reify ]
1098 verbose reify failed optional dependency /Users/gersonbarrientos/Documents/GitHub/Mood Brew/node_modules/@esbuild/linux-arm
1099 silly reify mark deleted [
1099 silly reify   '/Users/gersonbarrientos/Documents/GitHub/Mood Brew/node_modules/@esbuild/linux-arm'
1099 silly reify ]
1100 verbose reify failed optional dependency /Users/gersonbarrientos/Documents/GitHub/Mood Brew/node_modules/@esbuild/freebsd-x64
1101 silly reify mark deleted [
1101 silly reify   '/Users/gersonbarrientos/Documents/GitHub/Mood Brew/node_modules/@esbuild/freebsd-x64'
1101 silly reify ]
1102 verbose reify failed optional dependency /Users/gersonbarrientos/Documents/GitHub/Mood Brew/node_modules/@esbuild/freebsd-arm64
1103 silly reify mark deleted [
1103 silly reify   '/Users/gersonbarrientos/Documents/GitHub/Mood Brew/node_modules/@esbuild/freebsd-arm64'
1103 silly reify ]
1104 verbose reify failed optional dependency /Users/gersonbarrientos/Documents/GitHub/Mood Brew/node_modules/@esbuild/darwin-x64
1105 silly reify mark deleted [
1105 silly reify   '/Users/gersonbarrientos/Documents/GitHub/Mood Brew/node_modules/@esbuild/darwin-x64'
1105 silly reify ]
1106 verbose reify failed optional dependency /Users/gersonbarrientos/Documents/GitHub/Mood Brew/node_modules/@esbuild/android-x64
1107 silly reify mark deleted [
1107 silly reify   '/Users/gersonbarrientos/Documents/GitHub/Mood Brew/node_modules/@esbuild/android-x64'
1107 silly reify ]
1108 verbose reify failed optional dependency /Users/gersonbarrientos/Documents/GitHub/Mood Brew/node_modules/@esbuild/android-arm64
1109 silly reify mark deleted [
1109 silly reify   '/Users/gersonbarrientos/Documents/GitHub/Mood Brew/node_modules/@esbuild/android-arm64'
1109 silly reify ]
1110 verbose reify failed optional dependency /Users/gersonbarrientos/Documents/GitHub/Mood Brew/node_modules/@esbuild/android-arm
1111 silly reify mark deleted [
1111 silly reify   '/Users/gersonbarrientos/Documents/GitHub/Mood Brew/node_modules/@esbuild/android-arm'
1111 silly reify ]
1112 verbose reify failed optional dependency /Users/gersonbarrientos/Documents/GitHub/Mood Brew/node_modules/@esbuild/aix-ppc64
1113 silly reify mark deleted [
1113 silly reify   '/Users/gersonbarrientos/Documents/GitHub/Mood Brew/node_modules/@esbuild/aix-ppc64'
1113 silly reify ]
1114 http cache @rollup/rollup-darwin-arm64@https://registry.npmjs.org/@rollup/rollup-darwin-arm64/-/rollup-darwin-arm64-4.60.4.tgz 0ms (cache hit)
1115 http cache @types/estree@https://registry.npmjs.org/@types/estree/-/estree-1.0.8.tgz 0ms (cache hit)
1116 http cache @esbuild/darwin-arm64@https://registry.npmjs.org/@esbuild/darwin-arm64/-/darwin-arm64-0.27.7.tgz 0ms (cache hit)
1117 http cache rollup@https://registry.npmjs.org/rollup/-/rollup-4.60.4.tgz 0ms (cache hit)
1118 http cache escalade@https://registry.npmjs.org/escalade/-/escalade-3.2.0.tgz 0ms (cache hit)
1119 http cache is-number@https://registry.npmjs.org/is-number/-/is-number-7.0.0.tgz 0ms (cache hit)
1120 http cache thenify@https://registry.npmjs.org/thenify/-/thenify-3.3.1.tgz 0ms (cache hit)
1121 http cache thenify-all@https://registry.npmjs.org/thenify-all/-/thenify-all-1.6.0.tgz 0ms (cache hit)
1122 http cache fdir@https://registry.npmjs.org/fdir/-/fdir-6.5.0.tgz 0ms (cache hit)
1123 http cache any-promise@https://registry.npmjs.org/any-promise/-/any-promise-1.3.0.tgz 0ms (cache hit)
1124 http cache object-assign@https://registry.npmjs.org/object-assign/-/object-assign-4.1.1.tgz 0ms (cache hit)
1125 http cache tinyglobby@https://registry.npmjs.org/tinyglobby/-/tinyglobby-0.2.16.tgz 0ms (cache hit)
1126 http cache lines-and-columns@https://registry.npmjs.org/lines-and-columns/-/lines-and-columns-1.2.4.tgz 0ms (cache hit)
1127 http cache pirates@https://registry.npmjs.org/pirates/-/pirates-4.0.7.tgz 0ms (cache hit)
1128 http cache commander@https://registry.npmjs.org/commander/-/commander-4.1.1.tgz 0ms (cache hit)
1129 http cache ts-interface-checker@https://registry.npmjs.org/ts-interface-checker/-/ts-interface-checker-0.1.13.tgz 0ms (cache hit)
1130 http cache queue-microtask@https://registry.npmjs.org/queue-microtask/-/queue-microtask-1.2.3.tgz 0ms (cache hit)
1131 http cache hasown@https://registry.npmjs.org/hasown/-/hasown-2.0.3.tgz 0ms (cache hit)
1132 http cache esbuild@https://registry.npmjs.org/esbuild/-/esbuild-0.27.7.tgz 0ms (cache hit)
1133 http cache supports-preserve-symlinks-flag@https://registry.npmjs.org/supports-preserve-symlinks-flag/-/supports-preserve-symlinks-flag-1.0.0.tgz 0ms (cache hit)
1134 http cache function-bind@https://registry.npmjs.org/function-bind/-/function-bind-1.1.2.tgz 0ms (cache hit)
1135 http cache is-core-module@https://registry.npmjs.org/is-core-module/-/is-core-module-2.16.2.tgz 0ms (cache hit)
1136 http cache path-parse@https://registry.npmjs.org/path-parse/-/path-parse-1.0.7.tgz 0ms (cache hit)
1137 http cache mz@https://registry.npmjs.org/mz/-/mz-2.7.0.tgz 0ms (cache hit)
1138 http cache pify@https://registry.npmjs.org/pify/-/pify-2.3.0.tgz 0ms (cache hit)
1139 http cache es-errors@https://registry.npmjs.org/es-errors/-/es-errors-1.3.0.tgz 0ms (cache hit)
1140 http cache read-cache@https://registry.npmjs.org/read-cache/-/read-cache-1.0.0.tgz 0ms (cache hit)
1141 http cache is-extglob@https://registry.npmjs.org/is-extglob/-/is-extglob-2.1.1.tgz 0ms (cache hit)
1142 http cache binary-extensions@https://registry.npmjs.org/binary-extensions/-/binary-extensions-2.3.0.tgz 0ms (cache hit)
1143 http cache util-deprecate@https://registry.npmjs.org/util-deprecate/-/util-deprecate-1.0.2.tgz 0ms (cache hit)
1144 http cache camelcase-css@https://registry.npmjs.org/camelcase-css/-/camelcase-css-2.0.1.tgz 0ms (cache hit)
1145 http cache cssesc@https://registry.npmjs.org/cssesc/-/cssesc-3.0.0.tgz 0ms (cache hit)
1146 http cache run-parallel@https://registry.npmjs.org/run-parallel/-/run-parallel-1.2.0.tgz 0ms (cache hit)
1147 http cache to-regex-range@https://registry.npmjs.org/to-regex-range/-/to-regex-range-5.0.1.tgz 0ms (cache hit)
1148 http cache @nodelib/fs.scandir@https://registry.npmjs.org/@nodelib/fs.scandir/-/fs.scandir-2.1.5.tgz 0ms (cache hit)
1149 http cache fastq@https://registry.npmjs.org/fastq/-/fastq-1.20.1.tgz 0ms (cache hit)
1150 http cache merge2@https://registry.npmjs.org/merge2/-/merge2-1.4.1.tgz 0ms (cache hit)
1151 http cache reusify@https://registry.npmjs.org/reusify/-/reusify-1.1.0.tgz 0ms (cache hit)
1152 http cache @nodelib/fs.walk@https://registry.npmjs.org/@nodelib/fs.walk/-/fs.walk-1.2.8.tgz 0ms (cache hit)
1153 http cache picomatch@https://registry.npmjs.org/picomatch/-/picomatch-2.3.2.tgz 0ms (cache hit)
1154 http cache fill-range@https://registry.npmjs.org/fill-range/-/fill-range-7.1.1.tgz 0ms (cache hit)
1155 http cache readdirp@https://registry.npmjs.org/readdirp/-/readdirp-3.6.0.tgz 0ms (cache hit)
1156 http cache is-binary-path@https://registry.npmjs.org/is-binary-path/-/is-binary-path-2.1.0.tgz 0ms (cache hit)
1157 http cache braces@https://registry.npmjs.org/braces/-/braces-3.0.3.tgz 0ms (cache hit)
1158 http cache fsevents@https://registry.npmjs.org/fsevents/-/fsevents-2.3.3.tgz 0ms (cache hit)
1159 http cache @nodelib/fs.stat@https://registry.npmjs.org/@nodelib/fs.stat/-/fs.stat-2.0.5.tgz 0ms (cache hit)
1160 http cache postcss-selector-parser@https://registry.npmjs.org/postcss-selector-parser/-/postcss-selector-parser-6.1.2.tgz 0ms (cache hit)
1161 http cache anymatch@https://registry.npmjs.org/anymatch/-/anymatch-3.1.3.tgz 0ms (cache hit)
1162 http cache postcss-nested@https://registry.npmjs.org/postcss-nested/-/postcss-nested-6.2.0.tgz 0ms (cache hit)
1163 http cache postcss-load-config@https://registry.npmjs.org/postcss-load-config/-/postcss-load-config-6.0.1.tgz 0ms (cache hit)
1164 http cache sucrase@https://registry.npmjs.org/sucrase/-/sucrase-3.35.1.tgz 0ms (cache hit)
1165 http cache postcss-import@https://registry.npmjs.org/postcss-import/-/postcss-import-15.1.0.tgz 0ms (cache hit)
1166 http cache postcss-js@https://registry.npmjs.org/postcss-js/-/postcss-js-4.1.0.tgz 0ms (cache hit)
1167 http cache object-hash@https://registry.npmjs.org/object-hash/-/object-hash-3.0.0.tgz 0ms (cache hit)
1168 http cache resolve@https://registry.npmjs.org/resolve/-/resolve-1.22.12.tgz 0ms (cache hit)
1169 http cache normalize-path@https://registry.npmjs.org/normalize-path/-/normalize-path-3.0.0.tgz 0ms (cache hit)
1170 http cache micromatch@https://registry.npmjs.org/micromatch/-/micromatch-4.0.8.tgz 0ms (cache hit)
1171 http cache glob-parent@https://registry.npmjs.org/glob-parent/-/glob-parent-6.0.2.tgz 0ms (cache hit)
1172 http cache lilconfig@https://registry.npmjs.org/lilconfig/-/lilconfig-3.1.3.tgz 0ms (cache hit)
1173 http cache fast-glob@https://registry.npmjs.org/fast-glob/-/fast-glob-3.3.3.tgz 0ms (cache hit)
1174 http cache dlv@https://registry.npmjs.org/dlv/-/dlv-1.1.3.tgz 0ms (cache hit)
1175 http cache is-glob@https://registry.npmjs.org/is-glob/-/is-glob-4.0.3.tgz 0ms (cache hit)
1176 http cache didyoumean@https://registry.npmjs.org/didyoumean/-/didyoumean-1.2.2.tgz 0ms (cache hit)
1177 http cache chokidar@https://registry.npmjs.org/chokidar/-/chokidar-3.6.0.tgz 0ms (cache hit)
1178 http cache arg@https://registry.npmjs.org/arg/-/arg-5.0.2.tgz 0ms (cache hit)
1179 http cache scheduler@https://registry.npmjs.org/scheduler/-/scheduler-0.27.0.tgz 0ms (cache hit)
1180 http cache source-map-js@https://registry.npmjs.org/source-map-js/-/source-map-js-1.2.1.tgz 0ms (cache hit)
1181 http cache jiti@https://registry.npmjs.org/jiti/-/jiti-1.21.7.tgz 0ms (cache hit)
1182 http cache @alloc/quick-lru@https://registry.npmjs.org/@alloc/quick-lru/-/quick-lru-5.2.0.tgz 0ms (cache hit)
1183 http cache yallist@https://registry.npmjs.org/yallist/-/yallist-3.1.1.tgz 0ms (cache hit)
1184 http cache nanoid@https://registry.npmjs.org/nanoid/-/nanoid-3.3.12.tgz 0ms (cache hit)
1185 http cache update-browserslist-db@https://registry.npmjs.org/update-browserslist-db/-/update-browserslist-db-1.2.3.tgz 0ms (cache hit)
1186 http cache ms@https://registry.npmjs.org/ms/-/ms-2.1.3.tgz 0ms (cache hit)
1187 http cache baseline-browser-mapping@https://registry.npmjs.org/baseline-browser-mapping/-/baseline-browser-mapping-2.10.30.tgz 0ms (cache hit)
1188 http cache electron-to-chromium@https://registry.npmjs.org/electron-to-chromium/-/electron-to-chromium-1.5.357.tgz 0ms (cache hit)
1189 http cache fraction.js@https://registry.npmjs.org/fraction.js/-/fraction.js-4.3.7.tgz 0ms (cache hit)
1190 http cache @types/babel__traverse@https://registry.npmjs.org/@types/babel__traverse/-/babel__traverse-7.28.0.tgz 0ms (cache hit)
1191 http cache normalize-range@https://registry.npmjs.org/normalize-range/-/normalize-range-0.1.2.tgz 0ms (cache hit)
1192 http cache caniuse-lite@https://registry.npmjs.org/caniuse-lite/-/caniuse-lite-1.0.30001793.tgz 0ms (cache hit)
1193 http cache node-releases@https://registry.npmjs.org/node-releases/-/node-releases-2.0.44.tgz 0ms (cache hit)
1194 http cache @types/babel__generator@https://registry.npmjs.org/@types/babel__generator/-/babel__generator-7.27.0.tgz 0ms (cache hit)
1195 http cache @babel/helper-string-parser@https://registry.npmjs.org/@babel/helper-string-parser/-/helper-string-parser-7.27.1.tgz 0ms (cache hit)
1196 http cache postcss-value-parser@https://registry.npmjs.org/postcss-value-parser/-/postcss-value-parser-4.2.0.tgz 0ms (cache hit)
1197 http cache @jridgewell/resolve-uri@https://registry.npmjs.org/@jridgewell/resolve-uri/-/resolve-uri-3.1.2.tgz 0ms (cache hit)
1198 http cache @types/babel__template@https://registry.npmjs.org/@types/babel__template/-/babel__template-7.4.4.tgz 0ms (cache hit)
1199 http cache browserslist@https://registry.npmjs.org/browserslist/-/browserslist-4.28.2.tgz 0ms (cache hit)
1200 http cache @jridgewell/sourcemap-codec@https://registry.npmjs.org/@jridgewell/sourcemap-codec/-/sourcemap-codec-1.5.5.tgz 0ms (cache hit)
1201 http cache @babel/helper-globals@https://registry.npmjs.org/@babel/helper-globals/-/helper-globals-7.28.0.tgz 0ms (cache hit)
1202 http cache lru-cache@https://registry.npmjs.org/lru-cache/-/lru-cache-5.1.1.tgz 0ms (cache hit)
1203 http cache @babel/helper-module-imports@https://registry.npmjs.org/@babel/helper-module-imports/-/helper-module-imports-7.28.6.tgz 0ms (cache hit)
1204 http cache @babel/compat-data@https://registry.npmjs.org/@babel/compat-data/-/compat-data-7.29.3.tgz 0ms (cache hit)
1205 http cache jsesc@https://registry.npmjs.org/jsesc/-/jsesc-3.1.0.tgz 0ms (cache hit)
1206 http cache @jridgewell/trace-mapping@https://registry.npmjs.org/@jridgewell/trace-mapping/-/trace-mapping-0.3.31.tgz 0ms (cache hit)
1207 http cache @babel/helper-validator-option@https://registry.npmjs.org/@babel/helper-validator-option/-/helper-validator-option-7.27.1.tgz 0ms (cache hit)
1208 http cache picocolors@https://registry.npmjs.org/picocolors/-/picocolors-1.1.1.tgz 0ms (cache hit)
1209 http cache @jridgewell/gen-mapping@https://registry.npmjs.org/@jridgewell/gen-mapping/-/gen-mapping-0.3.13.tgz 0ms (cache hit)
1210 http cache @babel/helper-plugin-utils@https://registry.npmjs.org/@babel/helper-plugin-utils/-/helper-plugin-utils-7.28.6.tgz 0ms (cache hit)
1211 http cache js-tokens@https://registry.npmjs.org/js-tokens/-/js-tokens-4.0.0.tgz 0ms (cache hit)
1212 http cache semver@https://registry.npmjs.org/semver/-/semver-6.3.1.tgz 0ms (cache hit)
1213 http cache json5@https://registry.npmjs.org/json5/-/json5-2.2.3.tgz 0ms (cache hit)
1214 http cache gensync@https://registry.npmjs.org/gensync/-/gensync-1.0.0-beta.2.tgz 0ms (cache hit)
1215 http cache convert-source-map@https://registry.npmjs.org/convert-source-map/-/convert-source-map-2.0.0.tgz 0ms (cache hit)
1216 http cache @babel/types@https://registry.npmjs.org/@babel/types/-/types-7.29.0.tgz 0ms (cache hit)
1217 http cache @babel/template@https://registry.npmjs.org/@babel/template/-/template-7.28.6.tgz 0ms (cache hit)
1218 http cache @babel/parser@https://registry.npmjs.org/@babel/parser/-/parser-7.29.3.tgz 0ms (cache hit)
1219 http cache debug@https://registry.npmjs.org/debug/-/debug-4.4.3.tgz 0ms (cache hit)
1220 http cache @babel/helper-validator-identifier@https://registry.npmjs.org/@babel/helper-validator-identifier/-/helper-validator-identifier-7.28.5.tgz 0ms (cache hit)
1221 http cache @babel/traverse@https://registry.npmjs.org/@babel/traverse/-/traverse-7.29.0.tgz 0ms (cache hit)
1222 http cache @babel/helper-compilation-targets@https://registry.npmjs.org/@babel/helper-compilation-targets/-/helper-compilation-targets-7.28.6.tgz 0ms (cache hit)
1223 http cache @babel/helper-module-transforms@https://registry.npmjs.org/@babel/helper-module-transforms/-/helper-module-transforms-7.28.6.tgz 0ms (cache hit)
1224 http cache react-refresh@https://registry.npmjs.org/react-refresh/-/react-refresh-0.17.0.tgz 0ms (cache hit)
1225 http cache @babel/code-frame@https://registry.npmjs.org/@babel/code-frame/-/code-frame-7.29.0.tgz 0ms (cache hit)
1226 http cache @babel/generator@https://registry.npmjs.org/@babel/generator/-/generator-7.29.1.tgz 0ms (cache hit)
1227 http cache @jridgewell/remapping@https://registry.npmjs.org/@jridgewell/remapping/-/remapping-2.3.5.tgz 0ms (cache hit)
1228 http cache @types/babel__core@https://registry.npmjs.org/@types/babel__core/-/babel__core-7.20.5.tgz 0ms (cache hit)
1229 http cache @babel/plugin-transform-react-jsx-self@https://registry.npmjs.org/@babel/plugin-transform-react-jsx-self/-/plugin-transform-react-jsx-self-7.27.1.tgz 0ms (cache hit)
1230 http cache @babel/core@https://registry.npmjs.org/@babel/core/-/core-7.29.0.tgz 0ms (cache hit)
1231 http cache @babel/plugin-transform-react-jsx-source@https://registry.npmjs.org/@babel/plugin-transform-react-jsx-source/-/plugin-transform-react-jsx-source-7.27.1.tgz 0ms (cache hit)
1232 http cache typescript@https://registry.npmjs.org/typescript/-/typescript-5.9.3.tgz 0ms (cache hit)
1233 http cache @babel/helpers@https://registry.npmjs.org/@babel/helpers/-/helpers-7.29.2.tgz 0ms (cache hit)
1234 http cache tailwindcss@https://registry.npmjs.org/tailwindcss/-/tailwindcss-3.4.19.tgz 0ms (cache hit)
1235 http cache csstype@https://registry.npmjs.org/csstype/-/csstype-3.2.3.tgz 0ms (cache hit)
1236 http cache react-dom@https://registry.npmjs.org/react-dom/-/react-dom-19.2.6.tgz 0ms (cache hit)
1237 http cache @types/react-dom@https://registry.npmjs.org/@types/react-dom/-/react-dom-19.2.3.tgz 0ms (cache hit)
1238 http cache postcss@https://registry.npmjs.org/postcss/-/postcss-8.4.49.tgz 0ms (cache hit)
1239 http cache autoprefixer@https://registry.npmjs.org/autoprefixer/-/autoprefixer-10.4.20.tgz 0ms (cache hit)
1240 http cache @vitejs/plugin-react@https://registry.npmjs.org/@vitejs/plugin-react/-/plugin-react-4.7.0.tgz 0ms (cache hit)
1241 http cache react@https://registry.npmjs.org/react/-/react-19.2.6.tgz 0ms (cache hit)
1242 http cache picomatch@https://registry.npmjs.org/picomatch/-/picomatch-4.0.4.tgz 0ms (cache hit)
1243 http cache vite@https://registry.npmjs.org/vite/-/vite-7.3.3.tgz 0ms (cache hit)
1244 http cache @types/react@https://registry.npmjs.org/@types/react/-/react-19.2.14.tgz 0ms (cache hit)
1245 http cache glob-parent@https://registry.npmjs.org/glob-parent/-/glob-parent-5.1.2.tgz 0ms (cache hit)
1246 http cache glob-parent@https://registry.npmjs.org/glob-parent/-/glob-parent-5.1.2.tgz 0ms (cache hit)
1247 http cache @rolldown/pluginutils@https://registry.npmjs.org/@rolldown/pluginutils/-/pluginutils-1.0.0-beta.27.tgz 0ms (cache hit)
1248 http cache picomatch@https://registry.npmjs.org/picomatch/-/picomatch-4.0.4.tgz 0ms (cache hit)
1249 http cache postcss@https://registry.npmjs.org/postcss/-/postcss-8.5.14.tgz 0ms (cache hit)
1250 silly tarball no local data for @rollup/rollup-darwin-arm64@https://registry.npmjs.org/@rollup/rollup-darwin-arm64/-/rollup-darwin-arm64-4.60.4.tgz. Extracting by manifest.
1251 silly tarball no local data for @types/estree@https://registry.npmjs.org/@types/estree/-/estree-1.0.8.tgz. Extracting by manifest.
1252 silly tarball no local data for @esbuild/darwin-arm64@https://registry.npmjs.org/@esbuild/darwin-arm64/-/darwin-arm64-0.27.7.tgz. Extracting by manifest.
1253 silly tarball no local data for rollup@https://registry.npmjs.org/rollup/-/rollup-4.60.4.tgz. Extracting by manifest.
1254 silly tarball no local data for escalade@https://registry.npmjs.org/escalade/-/escalade-3.2.0.tgz. Extracting by manifest.
1255 silly tarball no local data for is-number@https://registry.npmjs.org/is-number/-/is-number-7.0.0.tgz. Extracting by manifest.
1256 silly tarball no local data for thenify@https://registry.npmjs.org/thenify/-/thenify-3.3.1.tgz. Extracting by manifest.
1257 silly tarball no local data for thenify-all@https://registry.npmjs.org/thenify-all/-/thenify-all-1.6.0.tgz. Extracting by manifest.
1258 silly tarball no local data for fdir@https://registry.npmjs.org/fdir/-/fdir-6.5.0.tgz. Extracting by manifest.
1259 silly tarball no local data for any-promise@https://registry.npmjs.org/any-promise/-/any-promise-1.3.0.tgz. Extracting by manifest.
1260 silly tarball no local data for object-assign@https://registry.npmjs.org/object-assign/-/object-assign-4.1.1.tgz. Extracting by manifest.
1261 silly tarball no local data for tinyglobby@https://registry.npmjs.org/tinyglobby/-/tinyglobby-0.2.16.tgz. Extracting by manifest.
1262 silly tarball no local data for lines-and-columns@https://registry.npmjs.org/lines-and-columns/-/lines-and-columns-1.2.4.tgz. Extracting by manifest.
1263 silly tarball no local data for pirates@https://registry.npmjs.org/pirates/-/pirates-4.0.7.tgz. Extracting by manifest.
1264 silly tarball no local data for commander@https://registry.npmjs.org/commander/-/commander-4.1.1.tgz. Extracting by manifest.
1265 silly tarball no local data for ts-interface-checker@https://registry.npmjs.org/ts-interface-checker/-/ts-interface-checker-0.1.13.tgz. Extracting by manifest.
1266 silly tarball no local data for queue-microtask@https://registry.npmjs.org/queue-microtask/-/queue-microtask-1.2.3.tgz. Extracting by manifest.
1267 silly tarball no local data for hasown@https://registry.npmjs.org/hasown/-/hasown-2.0.3.tgz. Extracting by manifest.
1268 silly tarball no local data for esbuild@https://registry.npmjs.org/esbuild/-/esbuild-0.27.7.tgz. Extracting by manifest.
1269 silly tarball no local data for supports-preserve-symlinks-flag@https://registry.npmjs.org/supports-preserve-symlinks-flag/-/supports-preserve-symlinks-flag-1.0.0.tgz. Extracting by manifest.
1270 silly tarball no local data for function-bind@https://registry.npmjs.org/function-bind/-/function-bind-1.1.2.tgz. Extracting by manifest.
1271 silly tarball no local data for is-core-module@https://registry.npmjs.org/is-core-module/-/is-core-module-2.16.2.tgz. Extracting by manifest.
1272 silly tarball no local data for path-parse@https://registry.npmjs.org/path-parse/-/path-parse-1.0.7.tgz. Extracting by manifest.
1273 silly tarball no local data for mz@https://registry.npmjs.org/mz/-/mz-2.7.0.tgz. Extracting by manifest.
1274 silly tarball no local data for pify@https://registry.npmjs.org/pify/-/pify-2.3.0.tgz. Extracting by manifest.
1275 silly tarball no local data for es-errors@https://registry.npmjs.org/es-errors/-/es-errors-1.3.0.tgz. Extracting by manifest.
1276 silly tarball no local data for read-cache@https://registry.npmjs.org/read-cache/-/read-cache-1.0.0.tgz. Extracting by manifest.
1277 silly tarball no local data for is-extglob@https://registry.npmjs.org/is-extglob/-/is-extglob-2.1.1.tgz. Extracting by manifest.
1278 silly tarball no local data for binary-extensions@https://registry.npmjs.org/binary-extensions/-/binary-extensions-2.3.0.tgz. Extracting by manifest.
1279 silly tarball no local data for util-deprecate@https://registry.npmjs.org/util-deprecate/-/util-deprecate-1.0.2.tgz. Extracting by manifest.
1280 silly tarball no local data for camelcase-css@https://registry.npmjs.org/camelcase-css/-/camelcase-css-2.0.1.tgz. Extracting by manifest.
1281 silly tarball no local data for cssesc@https://registry.npmjs.org/cssesc/-/cssesc-3.0.0.tgz. Extracting by manifest.
1282 silly tarball no local data for run-parallel@https://registry.npmjs.org/run-parallel/-/run-parallel-1.2.0.tgz. Extracting by manifest.
1283 silly tarball no local data for to-regex-range@https://registry.npmjs.org/to-regex-range/-/to-regex-range-5.0.1.tgz. Extracting by manifest.
1284 silly tarball no local data for @nodelib/fs.scandir@https://registry.npmjs.org/@nodelib/fs.scandir/-/fs.scandir-2.1.5.tgz. Extracting by manifest.
1285 silly tarball no local data for fastq@https://registry.npmjs.org/fastq/-/fastq-1.20.1.tgz. Extracting by manifest.
1286 silly tarball no local data for merge2@https://registry.npmjs.org/merge2/-/merge2-1.4.1.tgz. Extracting by manifest.
1287 silly tarball no local data for reusify@https://registry.npmjs.org/reusify/-/reusify-1.1.0.tgz. Extracting by manifest.
1288 silly tarball no local data for @nodelib/fs.walk@https://registry.npmjs.org/@nodelib/fs.walk/-/fs.walk-1.2.8.tgz. Extracting by manifest.
1289 silly tarball no local data for picomatch@https://registry.npmjs.org/picomatch/-/picomatch-2.3.2.tgz. Extracting by manifest.
1290 silly tarball no local data for fill-range@https://registry.npmjs.org/fill-range/-/fill-range-7.1.1.tgz. Extracting by manifest.
1291 silly tarball no local data for readdirp@https://registry.npmjs.org/readdirp/-/readdirp-3.6.0.tgz. Extracting by manifest.
1292 silly tarball no local data for is-binary-path@https://registry.npmjs.org/is-binary-path/-/is-binary-path-2.1.0.tgz. Extracting by manifest.
1293 silly tarball no local data for braces@https://registry.npmjs.org/braces/-/braces-3.0.3.tgz. Extracting by manifest.
1294 silly tarball no local data for fsevents@https://registry.npmjs.org/fsevents/-/fsevents-2.3.3.tgz. Extracting by manifest.
1295 silly tarball no local data for @nodelib/fs.stat@https://registry.npmjs.org/@nodelib/fs.stat/-/fs.stat-2.0.5.tgz. Extracting by manifest.
1296 silly tarball no local data for postcss-selector-parser@https://registry.npmjs.org/postcss-selector-parser/-/postcss-selector-parser-6.1.2.tgz. Extracting by manifest.
1297 silly tarball no local data for anymatch@https://registry.npmjs.org/anymatch/-/anymatch-3.1.3.tgz. Extracting by manifest.
1298 silly tarball no local data for postcss-nested@https://registry.npmjs.org/postcss-nested/-/postcss-nested-6.2.0.tgz. Extracting by manifest.
1299 silly tarball no local data for postcss-load-config@https://registry.npmjs.org/postcss-load-config/-/postcss-load-config-6.0.1.tgz. Extracting by manifest.
1300 silly tarball no local data for sucrase@https://registry.npmjs.org/sucrase/-/sucrase-3.35.1.tgz. Extracting by manifest.
1301 silly tarball no local data for postcss-import@https://registry.npmjs.org/postcss-import/-/postcss-import-15.1.0.tgz. Extracting by manifest.
1302 silly tarball no local data for postcss-js@https://registry.npmjs.org/postcss-js/-/postcss-js-4.1.0.tgz. Extracting by manifest.
1303 silly tarball no local data for object-hash@https://registry.npmjs.org/object-hash/-/object-hash-3.0.0.tgz. Extracting by manifest.
1304 silly tarball no local data for resolve@https://registry.npmjs.org/resolve/-/resolve-1.22.12.tgz. Extracting by manifest.
1305 silly tarball no local data for normalize-path@https://registry.npmjs.org/normalize-path/-/normalize-path-3.0.0.tgz. Extracting by manifest.
1306 silly tarball no local data for micromatch@https://registry.npmjs.org/micromatch/-/micromatch-4.0.8.tgz. Extracting by manifest.
1307 silly tarball no local data for glob-parent@https://registry.npmjs.org/glob-parent/-/glob-parent-6.0.2.tgz. Extracting by manifest.
1308 silly tarball no local data for lilconfig@https://registry.npmjs.org/lilconfig/-/lilconfig-3.1.3.tgz. Extracting by manifest.
1309 silly tarball no local data for fast-glob@https://registry.npmjs.org/fast-glob/-/fast-glob-3.3.3.tgz. Extracting by manifest.
1310 silly tarball no local data for dlv@https://registry.npmjs.org/dlv/-/dlv-1.1.3.tgz. Extracting by manifest.
1311 silly tarball no local data for is-glob@https://registry.npmjs.org/is-glob/-/is-glob-4.0.3.tgz. Extracting by manifest.
1312 silly tarball no local data for didyoumean@https://registry.npmjs.org/didyoumean/-/didyoumean-1.2.2.tgz. Extracting by manifest.
1313 silly tarball no local data for chokidar@https://registry.npmjs.org/chokidar/-/chokidar-3.6.0.tgz. Extracting by manifest.
1314 silly tarball no local data for arg@https://registry.npmjs.org/arg/-/arg-5.0.2.tgz. Extracting by manifest.
1315 silly tarball no local data for scheduler@https://registry.npmjs.org/scheduler/-/scheduler-0.27.0.tgz. Extracting by manifest.
1316 silly tarball no local data for source-map-js@https://registry.npmjs.org/source-map-js/-/source-map-js-1.2.1.tgz. Extracting by manifest.
1317 silly tarball no local data for jiti@https://registry.npmjs.org/jiti/-/jiti-1.21.7.tgz. Extracting by manifest.
1318 silly tarball no local data for @alloc/quick-lru@https://registry.npmjs.org/@alloc/quick-lru/-/quick-lru-5.2.0.tgz. Extracting by manifest.
1319 silly tarball no local data for yallist@https://registry.npmjs.org/yallist/-/yallist-3.1.1.tgz. Extracting by manifest.
1320 silly tarball no local data for nanoid@https://registry.npmjs.org/nanoid/-/nanoid-3.3.12.tgz. Extracting by manifest.
1321 silly tarball no local data for update-browserslist-db@https://registry.npmjs.org/update-browserslist-db/-/update-browserslist-db-1.2.3.tgz. Extracting by manifest.
1322 silly tarball no local data for ms@https://registry.npmjs.org/ms/-/ms-2.1.3.tgz. Extracting by manifest.
1323 silly tarball no local data for baseline-browser-mapping@https://registry.npmjs.org/baseline-browser-mapping/-/baseline-browser-mapping-2.10.30.tgz. Extracting by manifest.
1324 silly tarball no local data for electron-to-chromium@https://registry.npmjs.org/electron-to-chromium/-/electron-to-chromium-1.5.357.tgz. Extracting by manifest.
1325 silly tarball no local data for fraction.js@https://registry.npmjs.org/fraction.js/-/fraction.js-4.3.7.tgz. Extracting by manifest.
1326 silly tarball no local data for @types/babel__traverse@https://registry.npmjs.org/@types/babel__traverse/-/babel__traverse-7.28.0.tgz. Extracting by manifest.
1327 silly tarball no local data for normalize-range@https://registry.npmjs.org/normalize-range/-/normalize-range-0.1.2.tgz. Extracting by manifest.
1328 silly tarball no local data for caniuse-lite@https://registry.npmjs.org/caniuse-lite/-/caniuse-lite-1.0.30001793.tgz. Extracting by manifest.
1329 silly tarball no local data for node-releases@https://registry.npmjs.org/node-releases/-/node-releases-2.0.44.tgz. Extracting by manifest.
1330 silly tarball no local data for @types/babel__generator@https://registry.npmjs.org/@types/babel__generator/-/babel__generator-7.27.0.tgz. Extracting by manifest.
1331 silly tarball no local data for @babel/helper-string-parser@https://registry.npmjs.org/@babel/helper-string-parser/-/helper-string-parser-7.27.1.tgz. Extracting by manifest.
1332 silly tarball no local data for postcss-value-parser@https://registry.npmjs.org/postcss-value-parser/-/postcss-value-parser-4.2.0.tgz. Extracting by manifest.
1333 silly tarball no local data for @jridgewell/resolve-uri@https://registry.npmjs.org/@jridgewell/resolve-uri/-/resolve-uri-3.1.2.tgz. Extracting by manifest.
1334 silly tarball no local data for @types/babel__template@https://registry.npmjs.org/@types/babel__template/-/babel__template-7.4.4.tgz. Extracting by manifest.
1335 silly tarball no local data for browserslist@https://registry.npmjs.org/browserslist/-/browserslist-4.28.2.tgz. Extracting by manifest.
1336 silly tarball no local data for @jridgewell/sourcemap-codec@https://registry.npmjs.org/@jridgewell/sourcemap-codec/-/sourcemap-codec-1.5.5.tgz. Extracting by manifest.
1337 silly tarball no local data for @babel/helper-globals@https://registry.npmjs.org/@babel/helper-globals/-/helper-globals-7.28.0.tgz. Extracting by manifest.
1338 silly tarball no local data for lru-cache@https://registry.npmjs.org/lru-cache/-/lru-cache-5.1.1.tgz. Extracting by manifest.
1339 silly tarball no local data for @babel/helper-module-imports@https://registry.npmjs.org/@babel/helper-module-imports/-/helper-module-imports-7.28.6.tgz. Extracting by manifest.
1340 silly tarball no local data for @babel/compat-data@https://registry.npmjs.org/@babel/compat-data/-/compat-data-7.29.3.tgz. Extracting by manifest.
1341 silly tarball no local data for jsesc@https://registry.npmjs.org/jsesc/-/jsesc-3.1.0.tgz. Extracting by manifest.
1342 silly tarball no local data for @jridgewell/trace-mapping@https://registry.npmjs.org/@jridgewell/trace-mapping/-/trace-mapping-0.3.31.tgz. Extracting by manifest.
1343 silly tarball no local data for @babel/helper-validator-option@https://registry.npmjs.org/@babel/helper-validator-option/-/helper-validator-option-7.27.1.tgz. Extracting by manifest.
1344 silly tarball no local data for picocolors@https://registry.npmjs.org/picocolors/-/picocolors-1.1.1.tgz. Extracting by manifest.
1345 silly tarball no local data for @jridgewell/gen-mapping@https://registry.npmjs.org/@jridgewell/gen-mapping/-/gen-mapping-0.3.13.tgz. Extracting by manifest.
1346 silly tarball no local data for @babel/helper-plugin-utils@https://registry.npmjs.org/@babel/helper-plugin-utils/-/helper-plugin-utils-7.28.6.tgz. Extracting by manifest.
1347 silly tarball no local data for js-tokens@https://registry.npmjs.org/js-tokens/-/js-tokens-4.0.0.tgz. Extracting by manifest.
1348 silly tarball no local data for semver@https://registry.npmjs.org/semver/-/semver-6.3.1.tgz. Extracting by manifest.
1349 silly tarball no local data for json5@https://registry.npmjs.org/json5/-/json5-2.2.3.tgz. Extracting by manifest.
1350 silly tarball no local data for gensync@https://registry.npmjs.org/gensync/-/gensync-1.0.0-beta.2.tgz. Extracting by manifest.
1351 silly tarball no local data for convert-source-map@https://registry.npmjs.org/convert-source-map/-/convert-source-map-2.0.0.tgz. Extracting by manifest.
1352 silly tarball no local data for @babel/types@https://registry.npmjs.org/@babel/types/-/types-7.29.0.tgz. Extracting by manifest.
1353 silly tarball no local data for @babel/template@https://registry.npmjs.org/@babel/template/-/template-7.28.6.tgz. Extracting by manifest.
1354 silly tarball no local data for @babel/parser@https://registry.npmjs.org/@babel/parser/-/parser-7.29.3.tgz. Extracting by manifest.
1355 silly tarball no local data for debug@https://registry.npmjs.org/debug/-/debug-4.4.3.tgz. Extracting by manifest.
1356 silly tarball no local data for @babel/helper-validator-identifier@https://registry.npmjs.org/@babel/helper-validator-identifier/-/helper-validator-identifier-7.28.5.tgz. Extracting by manifest.
1357 silly tarball no local data for @babel/traverse@https://registry.npmjs.org/@babel/traverse/-/traverse-7.29.0.tgz. Extracting by manifest.
1358 silly tarball no local data for @babel/helper-compilation-targets@https://registry.npmjs.org/@babel/helper-compilation-targets/-/helper-compilation-targets-7.28.6.tgz. Extracting by manifest.
1359 silly tarball no local data for @babel/helper-module-transforms@https://registry.npmjs.org/@babel/helper-module-transforms/-/helper-module-transforms-7.28.6.tgz. Extracting by manifest.
1360 silly tarball no local data for react-refresh@https://registry.npmjs.org/react-refresh/-/react-refresh-0.17.0.tgz. Extracting by manifest.
1361 silly tarball no local data for @babel/code-frame@https://registry.npmjs.org/@babel/code-frame/-/code-frame-7.29.0.tgz. Extracting by manifest.
1362 silly tarball no local data for @babel/generator@https://registry.npmjs.org/@babel/generator/-/generator-7.29.1.tgz. Extracting by manifest.
1363 silly tarball no local data for @jridgewell/remapping@https://registry.npmjs.org/@jridgewell/remapping/-/remapping-2.3.5.tgz. Extracting by manifest.
1364 silly tarball no local data for @types/babel__core@https://registry.npmjs.org/@types/babel__core/-/babel__core-7.20.5.tgz. Extracting by manifest.
1365 silly tarball no local data for @babel/plugin-transform-react-jsx-self@https://registry.npmjs.org/@babel/plugin-transform-react-jsx-self/-/plugin-transform-react-jsx-self-7.27.1.tgz. Extracting by manifest.
1366 silly tarball no local data for @babel/core@https://registry.npmjs.org/@babel/core/-/core-7.29.0.tgz. Extracting by manifest.
1367 silly tarball no local data for @babel/plugin-transform-react-jsx-source@https://registry.npmjs.org/@babel/plugin-transform-react-jsx-source/-/plugin-transform-react-jsx-source-7.27.1.tgz. Extracting by manifest.
1368 silly tarball no local data for typescript@https://registry.npmjs.org/typescript/-/typescript-5.9.3.tgz. Extracting by manifest.
1369 silly tarball no local data for @babel/helpers@https://registry.npmjs.org/@babel/helpers/-/helpers-7.29.2.tgz. Extracting by manifest.
1370 silly tarball no local data for tailwindcss@https://registry.npmjs.org/tailwindcss/-/tailwindcss-3.4.19.tgz. Extracting by manifest.
1371 silly tarball no local data for csstype@https://registry.npmjs.org/csstype/-/csstype-3.2.3.tgz. Extracting by manifest.
1372 silly tarball no local data for react-dom@https://registry.npmjs.org/react-dom/-/react-dom-19.2.6.tgz. Extracting by manifest.
1373 silly tarball no local data for @types/react-dom@https://registry.npmjs.org/@types/react-dom/-/react-dom-19.2.3.tgz. Extracting by manifest.
1374 silly tarball no local data for postcss@https://registry.npmjs.org/postcss/-/postcss-8.4.49.tgz. Extracting by manifest.
1375 silly tarball no local data for autoprefixer@https://registry.npmjs.org/autoprefixer/-/autoprefixer-10.4.20.tgz. Extracting by manifest.
1376 silly tarball no local data for @vitejs/plugin-react@https://registry.npmjs.org/@vitejs/plugin-react/-/plugin-react-4.7.0.tgz. Extracting by manifest.
1377 silly tarball no local data for react@https://registry.npmjs.org/react/-/react-19.2.6.tgz. Extracting by manifest.
1378 silly tarball no local data for picomatch@https://registry.npmjs.org/picomatch/-/picomatch-4.0.4.tgz. Extracting by manifest.
1379 silly tarball no local data for vite@https://registry.npmjs.org/vite/-/vite-7.3.3.tgz. Extracting by manifest.
1380 silly tarball no local data for @types/react@https://registry.npmjs.org/@types/react/-/react-19.2.14.tgz. Extracting by manifest.
1381 silly tarball no local data for glob-parent@https://registry.npmjs.org/glob-parent/-/glob-parent-5.1.2.tgz. Extracting by manifest.
1382 silly tarball no local data for glob-parent@https://registry.npmjs.org/glob-parent/-/glob-parent-5.1.2.tgz. Extracting by manifest.
1383 silly tarball no local data for @rolldown/pluginutils@https://registry.npmjs.org/@rolldown/pluginutils/-/pluginutils-1.0.0-beta.27.tgz. Extracting by manifest.
1384 silly tarball no local data for picomatch@https://registry.npmjs.org/picomatch/-/picomatch-4.0.4.tgz. Extracting by manifest.
1385 silly tarball no local data for postcss@https://registry.npmjs.org/postcss/-/postcss-8.5.14.tgz. Extracting by manifest.
1386 http fetch POST 200 https://registry.npmjs.org/-/npm/v1/security/advisories/bulk 68ms
1387 silly audit report {
1387 silly audit report   postcss: [
1387 silly audit report     {
1387 silly audit report       id: 1117015,
1387 silly audit report       url: 'https://github.com/advisories/GHSA-qx2v-qp2m-jg93',
1387 silly audit report       title: 'PostCSS has XSS via Unescaped </style> in its CSS Stringify Output',
1387 silly audit report       severity: 'moderate',
1387 silly audit report       vulnerable_versions: '<8.5.10',
1387 silly audit report       cwe: [Array],
1387 silly audit report       cvss: [Object]
1387 silly audit report     }
1387 silly audit report   ]
1387 silly audit report }
1388 silly packumentCache corgi:https://registry.npmjs.org/postcss cache-miss
1389 http fetch GET 200 https://registry.npmjs.org/escalade/-/escalade-3.2.0.tgz 78ms (cache miss)
1390 http fetch GET 200 https://registry.npmjs.org/@types/estree/-/estree-1.0.8.tgz 81ms (cache miss)
1391 http fetch GET 200 https://registry.npmjs.org/is-number/-/is-number-7.0.0.tgz 82ms (cache miss)
1392 http fetch GET 200 https://registry.npmjs.org/rollup/-/rollup-4.60.4.tgz 131ms (cache miss)
1393 http fetch GET 200 https://registry.npmjs.org/ts-interface-checker/-/ts-interface-checker-0.1.13.tgz 131ms (cache miss)
1394 http fetch GET 200 https://registry.npmjs.org/commander/-/commander-4.1.1.tgz 131ms (cache miss)
1395 http fetch GET 200 https://registry.npmjs.org/queue-microtask/-/queue-microtask-1.2.3.tgz 142ms (cache miss)
1396 http fetch GET 200 https://registry.npmjs.org/hasown/-/hasown-2.0.3.tgz 143ms (cache miss)
1397 http fetch GET 200 https://registry.npmjs.org/@rollup/rollup-darwin-arm64/-/rollup-darwin-arm64-4.60.4.tgz 149ms (cache miss)
1398 http fetch GET 200 https://registry.npmjs.org/any-promise/-/any-promise-1.3.0.tgz 148ms (cache miss)
1399 http fetch GET 200 https://registry.npmjs.org/thenify/-/thenify-3.3.1.tgz 150ms (cache miss)
1400 http fetch GET 200 https://registry.npmjs.org/fdir/-/fdir-6.5.0.tgz 166ms (cache miss)
1401 http fetch GET 200 https://registry.npmjs.org/esbuild/-/esbuild-0.27.7.tgz 165ms (cache miss)
1402 http fetch GET 200 https://registry.npmjs.org/lines-and-columns/-/lines-and-columns-1.2.4.tgz 166ms (cache miss)
1403 http fetch GET 200 https://registry.npmjs.org/tinyglobby/-/tinyglobby-0.2.16.tgz 170ms (cache miss)
1404 http fetch GET 200 https://registry.npmjs.org/thenify-all/-/thenify-all-1.6.0.tgz 172ms (cache miss)
1405 http fetch GET 200 https://registry.npmjs.org/object-assign/-/object-assign-4.1.1.tgz 171ms (cache miss)
1406 http fetch GET 200 https://registry.npmjs.org/supports-preserve-symlinks-flag/-/supports-preserve-symlinks-flag-1.0.0.tgz 171ms (cache miss)
1407 http fetch GET 200 https://registry.npmjs.org/function-bind/-/function-bind-1.1.2.tgz 174ms (cache miss)
1408 http fetch GET 200 https://registry.npmjs.org/pirates/-/pirates-4.0.7.tgz 182ms (cache miss)
1409 http fetch GET 200 https://registry.npmjs.org/is-core-module/-/is-core-module-2.16.2.tgz 187ms (cache miss)
1410 http fetch GET 200 https://registry.npmjs.org/path-parse/-/path-parse-1.0.7.tgz 187ms (cache miss)
1411 http fetch GET 200 https://registry.npmjs.org/pify/-/pify-2.3.0.tgz 188ms (cache miss)
1412 http fetch GET 200 https://registry.npmjs.org/es-errors/-/es-errors-1.3.0.tgz 192ms (cache miss)
1413 http fetch GET 200 https://registry.npmjs.org/mz/-/mz-2.7.0.tgz 193ms (cache miss)
1414 http fetch GET 200 https://registry.npmjs.org/binary-extensions/-/binary-extensions-2.3.0.tgz 205ms (cache miss)
1415 http fetch GET 200 https://registry.npmjs.org/read-cache/-/read-cache-1.0.0.tgz 205ms (cache miss)
1416 http fetch GET 200 https://registry.npmjs.org/is-extglob/-/is-extglob-2.1.1.tgz 211ms (cache miss)
1417 http fetch GET 200 https://registry.npmjs.org/cssesc/-/cssesc-3.0.0.tgz 216ms (cache miss)
1418 http fetch GET 200 https://registry.npmjs.org/@esbuild/darwin-arm64/-/darwin-arm64-0.27.7.tgz 220ms (cache miss)
1419 http fetch GET 200 https://registry.npmjs.org/camelcase-css/-/camelcase-css-2.0.1.tgz 219ms (cache miss)
1420 http fetch GET 200 https://registry.npmjs.org/fastq/-/fastq-1.20.1.tgz 221ms (cache miss)
1421 http fetch GET 200 https://registry.npmjs.org/run-parallel/-/run-parallel-1.2.0.tgz 227ms (cache miss)
1422 http fetch GET 200 https://registry.npmjs.org/reusify/-/reusify-1.1.0.tgz 227ms (cache miss)
1423 http fetch GET 200 https://registry.npmjs.org/to-regex-range/-/to-regex-range-5.0.1.tgz 227ms (cache miss)
1424 http fetch GET 200 https://registry.npmjs.org/util-deprecate/-/util-deprecate-1.0.2.tgz 229ms (cache miss)
1425 http fetch GET 200 https://registry.npmjs.org/merge2/-/merge2-1.4.1.tgz 229ms (cache miss)
1426 http fetch GET 200 https://registry.npmjs.org/picomatch/-/picomatch-2.3.2.tgz 237ms (cache miss)
1427 http fetch GET 200 https://registry.npmjs.org/@nodelib/fs.walk/-/fs.walk-1.2.8.tgz 240ms (cache miss)
1428 http fetch GET 200 https://registry.npmjs.org/fill-range/-/fill-range-7.1.1.tgz 245ms (cache miss)
1429 http fetch GET 200 https://registry.npmjs.org/@nodelib/fs.scandir/-/fs.scandir-2.1.5.tgz 247ms (cache miss)
1430 http fetch GET 200 https://registry.npmjs.org/braces/-/braces-3.0.3.tgz 250ms (cache miss)
1431 http fetch GET 200 https://registry.npmjs.org/readdirp/-/readdirp-3.6.0.tgz 255ms (cache miss)
1432 http fetch GET 200 https://registry.npmjs.org/is-binary-path/-/is-binary-path-2.1.0.tgz 255ms (cache miss)
1433 http fetch GET 200 https://registry.npmjs.org/anymatch/-/anymatch-3.1.3.tgz 260ms (cache miss)
1434 http fetch GET 200 https://registry.npmjs.org/fsevents/-/fsevents-2.3.3.tgz 276ms (cache miss)
1435 http fetch GET 200 https://registry.npmjs.org/postcss-nested/-/postcss-nested-6.2.0.tgz 276ms (cache miss)
1436 http fetch GET 200 https://registry.npmjs.org/postcss-load-config/-/postcss-load-config-6.0.1.tgz 276ms (cache miss)
1437 http fetch GET 200 https://registry.npmjs.org/object-hash/-/object-hash-3.0.0.tgz 279ms (cache miss)
1438 http fetch GET 200 https://registry.npmjs.org/postcss-selector-parser/-/postcss-selector-parser-6.1.2.tgz 283ms (cache miss)
1439 http fetch GET 200 https://registry.npmjs.org/postcss-js/-/postcss-js-4.1.0.tgz 286ms (cache miss)
1440 http fetch GET 200 https://registry.npmjs.org/postcss-import/-/postcss-import-15.1.0.tgz 286ms (cache miss)
1441 http fetch GET 200 https://registry.npmjs.org/normalize-path/-/normalize-path-3.0.0.tgz 289ms (cache miss)
1442 http fetch GET 200 https://registry.npmjs.org/micromatch/-/micromatch-4.0.8.tgz 292ms (cache miss)
1443 http fetch GET 200 https://registry.npmjs.org/glob-parent/-/glob-parent-6.0.2.tgz 291ms (cache miss)
1444 http fetch GET 200 https://registry.npmjs.org/@nodelib/fs.stat/-/fs.stat-2.0.5.tgz 295ms (cache miss)
1445 http fetch GET 200 https://registry.npmjs.org/lilconfig/-/lilconfig-3.1.3.tgz 300ms (cache miss)
1446 http fetch GET 200 https://registry.npmjs.org/dlv/-/dlv-1.1.3.tgz 312ms (cache miss)
1447 http fetch GET 200 https://registry.npmjs.org/is-glob/-/is-glob-4.0.3.tgz 317ms (cache miss)
1448 http fetch GET 200 https://registry.npmjs.org/fast-glob/-/fast-glob-3.3.3.tgz 320ms (cache miss)
1449 http fetch GET 200 https://registry.npmjs.org/didyoumean/-/didyoumean-1.2.2.tgz 322ms (cache miss)
1450 http fetch GET 200 https://registry.npmjs.org/arg/-/arg-5.0.2.tgz 323ms (cache miss)
1451 http fetch GET 200 https://registry.npmjs.org/yallist/-/yallist-3.1.1.tgz 322ms (cache miss)
1452 http fetch GET 200 https://registry.npmjs.org/resolve/-/resolve-1.22.12.tgz 327ms (cache miss)
1453 http fetch GET 200 https://registry.npmjs.org/chokidar/-/chokidar-3.6.0.tgz 329ms (cache miss)
1454 http fetch GET 200 https://registry.npmjs.org/ms/-/ms-2.1.3.tgz 329ms (cache miss)
1455 http fetch GET 200 https://registry.npmjs.org/nanoid/-/nanoid-3.3.12.tgz 330ms (cache miss)
1456 http fetch GET 200 https://registry.npmjs.org/scheduler/-/scheduler-0.27.0.tgz 331ms (cache miss)
1457 http fetch GET 200 https://registry.npmjs.org/source-map-js/-/source-map-js-1.2.1.tgz 337ms (cache miss)
1458 http fetch GET 200 https://registry.npmjs.org/update-browserslist-db/-/update-browserslist-db-1.2.3.tgz 339ms (cache miss)
1459 http fetch GET 200 https://registry.npmjs.org/sucrase/-/sucrase-3.35.1.tgz 343ms (cache miss)
1460 http fetch GET 200 https://registry.npmjs.org/electron-to-chromium/-/electron-to-chromium-1.5.357.tgz 342ms (cache miss)
1461 http fetch GET 200 https://registry.npmjs.org/@alloc/quick-lru/-/quick-lru-5.2.0.tgz 347ms (cache miss)
1462 http fetch GET 200 https://registry.npmjs.org/baseline-browser-mapping/-/baseline-browser-mapping-2.10.30.tgz 347ms (cache miss)
1463 http fetch GET 200 https://registry.npmjs.org/jiti/-/jiti-1.21.7.tgz 350ms (cache miss)
1464 http fetch GET 200 https://registry.npmjs.org/fraction.js/-/fraction.js-4.3.7.tgz 361ms (cache miss)
1465 http fetch GET 200 https://registry.npmjs.org/normalize-range/-/normalize-range-0.1.2.tgz 368ms (cache miss)
1466 http fetch GET 200 https://registry.npmjs.org/node-releases/-/node-releases-2.0.44.tgz 368ms (cache miss)
1467 http fetch GET 200 https://registry.npmjs.org/postcss-value-parser/-/postcss-value-parser-4.2.0.tgz 374ms (cache miss)
1468 http fetch GET 200 https://registry.npmjs.org/browserslist/-/browserslist-4.28.2.tgz 374ms (cache miss)
1469 http fetch GET 200 https://registry.npmjs.org/@types/babel__traverse/-/babel__traverse-7.28.0.tgz 377ms (cache miss)
1470 http fetch GET 200 https://registry.npmjs.org/@babel/helper-string-parser/-/helper-string-parser-7.27.1.tgz 376ms (cache miss)
1471 http fetch GET 200 https://registry.npmjs.org/@jridgewell/resolve-uri/-/resolve-uri-3.1.2.tgz 377ms (cache miss)
1472 http fetch GET 200 https://registry.npmjs.org/@types/babel__generator/-/babel__generator-7.27.0.tgz 384ms (cache miss)
1473 http fetch GET 200 https://registry.npmjs.org/lru-cache/-/lru-cache-5.1.1.tgz 387ms (cache miss)
1474 http fetch GET 200 https://registry.npmjs.org/@babel/helper-module-imports/-/helper-module-imports-7.28.6.tgz 392ms (cache miss)
1475 http fetch GET 200 https://registry.npmjs.org/@types/babel__template/-/babel__template-7.4.4.tgz 395ms (cache miss)
1476 http fetch GET 200 https://registry.npmjs.org/@babel/helper-globals/-/helper-globals-7.28.0.tgz 401ms (cache miss)
1477 http fetch GET 200 https://registry.npmjs.org/@jridgewell/sourcemap-codec/-/sourcemap-codec-1.5.5.tgz 402ms (cache miss)
1478 http fetch GET 200 https://registry.npmjs.org/@babel/helper-validator-option/-/helper-validator-option-7.27.1.tgz 406ms (cache miss)
1479 http fetch GET 200 https://registry.npmjs.org/jsesc/-/jsesc-3.1.0.tgz 414ms (cache miss)
1480 http fetch GET 200 https://registry.npmjs.org/@babel/compat-data/-/compat-data-7.29.3.tgz 415ms (cache miss)
1481 http fetch GET 200 https://registry.npmjs.org/picocolors/-/picocolors-1.1.1.tgz 419ms (cache miss)
1482 http fetch GET 200 https://registry.npmjs.org/js-tokens/-/js-tokens-4.0.0.tgz 419ms (cache miss)
1483 http fetch GET 200 https://registry.npmjs.org/semver/-/semver-6.3.1.tgz 422ms (cache miss)
1484 http fetch GET 200 https://registry.npmjs.org/@jridgewell/gen-mapping/-/gen-mapping-0.3.13.tgz 436ms (cache miss)
1485 http fetch GET 200 https://registry.npmjs.org/convert-source-map/-/convert-source-map-2.0.0.tgz 436ms (cache miss)
1486 http fetch GET 200 https://registry.npmjs.org/gensync/-/gensync-1.0.0-beta.2.tgz 438ms (cache miss)
1487 http fetch GET 200 https://registry.npmjs.org/json5/-/json5-2.2.3.tgz 441ms (cache miss)
1488 http fetch GET 200 https://registry.npmjs.org/@babel/helper-plugin-utils/-/helper-plugin-utils-7.28.6.tgz 444ms (cache miss)
1489 http fetch GET 200 https://registry.npmjs.org/@jridgewell/trace-mapping/-/trace-mapping-0.3.31.tgz 448ms (cache miss)
1490 http fetch GET 200 https://registry.npmjs.org/debug/-/debug-4.4.3.tgz 446ms (cache miss)
1491 http fetch GET 200 https://registry.npmjs.org/@babel/template/-/template-7.28.6.tgz 456ms (cache miss)
1492 http fetch GET 200 https://registry.npmjs.org/react-refresh/-/react-refresh-0.17.0.tgz 461ms (cache miss)
1493 http fetch GET 200 https://registry.npmjs.org/@babel/helper-validator-identifier/-/helper-validator-identifier-7.28.5.tgz 467ms (cache miss)
1494 http fetch GET 200 https://registry.npmjs.org/@babel/helper-module-transforms/-/helper-module-transforms-7.28.6.tgz 468ms (cache miss)
1495 http fetch GET 200 https://registry.npmjs.org/@babel/code-frame/-/code-frame-7.29.0.tgz 480ms (cache miss)
1496 http fetch GET 200 https://registry.npmjs.org/@babel/helper-compilation-targets/-/helper-compilation-targets-7.28.6.tgz 481ms (cache miss)
1497 http fetch GET 200 https://registry.npmjs.org/@babel/plugin-transform-react-jsx-source/-/plugin-transform-react-jsx-source-7.27.1.tgz 494ms (cache miss)
1498 http fetch GET 200 https://registry.npmjs.org/@babel/plugin-transform-react-jsx-self/-/plugin-transform-react-jsx-self-7.27.1.tgz 498ms (cache miss)
1499 http fetch GET 200 https://registry.npmjs.org/@types/babel__core/-/babel__core-7.20.5.tgz 501ms (cache miss)
1500 http fetch GET 200 https://registry.npmjs.org/@jridgewell/remapping/-/remapping-2.3.5.tgz 509ms (cache miss)
1501 http fetch GET 200 https://registry.npmjs.org/@babel/generator/-/generator-7.29.1.tgz 514ms (cache miss)
1502 http fetch GET 200 https://registry.npmjs.org/@babel/traverse/-/traverse-7.29.0.tgz 524ms (cache miss)
1503 http fetch GET 200 https://registry.npmjs.org/caniuse-lite/-/caniuse-lite-1.0.30001793.tgz 539ms (cache miss)
1504 http fetch GET 200 https://registry.npmjs.org/@babel/parser/-/parser-7.29.3.tgz 541ms (cache miss)
1505 http fetch GET 200 https://registry.npmjs.org/@babel/core/-/core-7.29.0.tgz 574ms (cache miss)
1506 http fetch GET 200 https://registry.npmjs.org/picomatch/-/picomatch-4.0.4.tgz 574ms (cache miss)
1507 http fetch GET 200 https://registry.npmjs.org/@types/react-dom/-/react-dom-19.2.3.tgz 576ms (cache miss)
1508 http fetch GET 200 https://registry.npmjs.org/@babel/types/-/types-7.29.0.tgz 582ms (cache miss)
1509 http fetch GET 200 https://registry.npmjs.org/@vitejs/plugin-react/-/plugin-react-4.7.0.tgz 588ms (cache miss)
1510 http fetch GET 200 https://registry.npmjs.org/react/-/react-19.2.6.tgz 591ms (cache miss)
1511 http fetch GET 200 https://registry.npmjs.org/glob-parent/-/glob-parent-5.1.2.tgz 593ms (cache miss)
1512 http fetch GET 200 https://registry.npmjs.org/glob-parent/-/glob-parent-5.1.2.tgz 595ms (cache miss)
1513 http fetch GET 200 https://registry.npmjs.org/@types/react/-/react-19.2.14.tgz 602ms (cache miss)
1514 http fetch GET 200 https://registry.npmjs.org/@rolldown/pluginutils/-/pluginutils-1.0.0-beta.27.tgz 601ms (cache miss)
1515 http fetch GET 200 https://registry.npmjs.org/postcss/-/postcss-8.4.49.tgz 603ms (cache miss)
1516 http fetch GET 200 https://registry.npmjs.org/csstype/-/csstype-3.2.3.tgz 603ms (cache miss)
1517 http fetch GET 200 https://registry.npmjs.org/picomatch/-/picomatch-4.0.4.tgz 605ms (cache miss)
1518 http fetch GET 200 https://registry.npmjs.org/autoprefixer/-/autoprefixer-10.4.20.tgz 607ms (cache miss)
1519 http fetch GET 200 https://registry.npmjs.org/postcss 661ms (cache miss)
1520 silly packumentCache corgi:https://registry.npmjs.org/postcss set size:undefined disposed:false
1521 silly packumentCache corgi:https://registry.npmjs.org/tailwindcss cache-miss
1522 http fetch GET 200 https://registry.npmjs.org/postcss/-/postcss-8.5.14.tgz 701ms (cache miss)
1523 http fetch GET 200 https://registry.npmjs.org/@babel/helpers/-/helpers-7.29.2.tgz 710ms (cache miss)
1524 http fetch GET 200 https://registry.npmjs.org/vite/-/vite-7.3.3.tgz 709ms (cache miss)
1525 http fetch GET 200 https://registry.npmjs.org/tailwindcss/-/tailwindcss-3.4.19.tgz 739ms (cache miss)
1526 http fetch GET 200 https://registry.npmjs.org/react-dom/-/react-dom-19.2.6.tgz 749ms (cache miss)
1527 http fetch GET 200 https://registry.npmjs.org/typescript/-/typescript-5.9.3.tgz 807ms (cache miss)
1528 info run fsevents@2.3.3 install node_modules/fsevents node-gyp rebuild
1529 http fetch GET 200 https://registry.npmjs.org/tailwindcss 138ms (cache miss)
1530 silly packumentCache corgi:https://registry.npmjs.org/tailwindcss set size:undefined disposed:false
1531 info run fsevents@2.3.3 install { code: 1, signal: null }
1532 verbose reify failed optional dependency /Users/gersonbarrientos/Documents/GitHub/Mood Brew/node_modules/fsevents
1533 silly reify mark deleted [
1533 silly reify   '/Users/gersonbarrientos/Documents/GitHub/Mood Brew/node_modules/fsevents'
1533 silly reify ]
1534 info run esbuild@0.27.7 postinstall node_modules/esbuild node install.js
1535 info run esbuild@0.27.7 postinstall { code: 0, signal: null }
1536 silly ADD node_modules/@types/estree
1537 silly ADD node_modules/@rollup/rollup-win32-x64-msvc
1538 silly ADD node_modules/@rollup/rollup-win32-x64-gnu
1539 silly ADD node_modules/@rollup/rollup-win32-ia32-msvc
1540 silly ADD node_modules/@rollup/rollup-win32-arm64-msvc
1541 silly ADD node_modules/@rollup/rollup-openharmony-arm64
1542 silly ADD node_modules/@rollup/rollup-openbsd-x64
1543 silly ADD node_modules/@rollup/rollup-linux-x64-musl
1544 silly ADD node_modules/@rollup/rollup-linux-x64-gnu
1545 silly ADD node_modules/@rollup/rollup-linux-s390x-gnu
1546 silly ADD node_modules/@rollup/rollup-linux-riscv64-musl
1547 silly ADD node_modules/@rollup/rollup-linux-riscv64-gnu
1548 silly ADD node_modules/@rollup/rollup-linux-ppc64-musl
1549 silly ADD node_modules/@rollup/rollup-linux-ppc64-gnu
1550 silly ADD node_modules/@rollup/rollup-linux-loong64-musl
1551 silly ADD node_modules/@rollup/rollup-linux-loong64-gnu
1552 silly ADD node_modules/@rollup/rollup-linux-arm64-musl
1553 silly ADD node_modules/@rollup/rollup-linux-arm64-gnu
1554 silly ADD node_modules/@rollup/rollup-linux-arm-musleabihf
1555 silly ADD node_modules/@rollup/rollup-linux-arm-gnueabihf
1556 silly ADD node_modules/@rollup/rollup-freebsd-x64
1557 silly ADD node_modules/@rollup/rollup-freebsd-arm64
1558 silly ADD node_modules/@rollup/rollup-darwin-x64
1559 silly ADD node_modules/@rollup/rollup-darwin-arm64
1560 silly ADD node_modules/@rollup/rollup-android-arm64
1561 silly ADD node_modules/@rollup/rollup-android-arm-eabi
1562 silly ADD node_modules/@esbuild/win32-x64
1563 silly ADD node_modules/@esbuild/win32-ia32
1564 silly ADD node_modules/@esbuild/win32-arm64
1565 silly ADD node_modules/@esbuild/sunos-x64
1566 silly ADD node_modules/@esbuild/openharmony-arm64
1567 silly ADD node_modules/@esbuild/openbsd-x64
1568 silly ADD node_modules/@esbuild/openbsd-arm64
1569 silly ADD node_modules/@esbuild/netbsd-x64
1570 silly ADD node_modules/@esbuild/netbsd-arm64
1571 silly ADD node_modules/@esbuild/linux-x64
1572 silly ADD node_modules/@esbuild/linux-s390x
1573 silly ADD node_modules/@esbuild/linux-riscv64
1574 silly ADD node_modules/@esbuild/linux-ppc64
1575 silly ADD node_modules/@esbuild/linux-mips64el
1576 silly ADD node_modules/@esbuild/linux-loong64
1577 silly ADD node_modules/@esbuild/linux-ia32
1578 silly ADD node_modules/@esbuild/linux-arm64
1579 silly ADD node_modules/@esbuild/linux-arm
1580 silly ADD node_modules/@esbuild/freebsd-x64
1581 silly ADD node_modules/@esbuild/freebsd-arm64
1582 silly ADD node_modules/@esbuild/darwin-x64
1583 silly ADD node_modules/@esbuild/darwin-arm64
1584 silly ADD node_modules/@esbuild/android-x64
1585 silly ADD node_modules/@esbuild/android-arm64
1586 silly ADD node_modules/@esbuild/android-arm
1587 silly ADD node_modules/@esbuild/aix-ppc64
1588 silly ADD node_modules/rollup
1589 silly ADD node_modules/esbuild
1590 silly ADD node_modules/escalade
1591 silly ADD node_modules/is-number
1592 silly ADD node_modules/fdir
1593 silly ADD node_modules/thenify
1594 silly ADD node_modules/thenify-all
1595 silly ADD node_modules/object-assign
1596 silly ADD node_modules/any-promise
1597 silly ADD node_modules/ts-interface-checker
1598 silly ADD node_modules/tinyglobby
1599 silly ADD node_modules/tinyglobby/node_modules/picomatch
1600 silly ADD node_modules/pirates
1601 silly ADD node_modules/mz
1602 silly ADD node_modules/lines-and-columns
1603 silly ADD node_modules/commander
1604 silly ADD node_modules/queue-microtask
1605 silly ADD node_modules/function-bind
1606 silly ADD node_modules/hasown
1607 silly ADD node_modules/supports-preserve-symlinks-flag
1608 silly ADD node_modules/path-parse
1609 silly ADD node_modules/is-core-module
1610 silly ADD node_modules/es-errors
1611 silly ADD node_modules/pify
1612 silly ADD node_modules/util-deprecate
1613 silly ADD node_modules/cssesc
1614 silly ADD node_modules/camelcase-css
1615 silly ADD node_modules/read-cache
1616 silly ADD node_modules/is-extglob
1617 silly ADD node_modules/binary-extensions
1618 silly ADD node_modules/to-regex-range
1619 silly ADD node_modules/reusify
1620 silly ADD node_modules/run-parallel
1621 silly ADD node_modules/fastq
1622 silly ADD node_modules/@nodelib/fs.scandir
1623 silly ADD node_modules/merge2
1624 silly ADD node_modules/@nodelib/fs.walk
1625 silly ADD node_modules/@nodelib/fs.stat
1626 silly ADD node_modules/fill-range
1627 silly ADD node_modules/picomatch
1628 silly ADD node_modules/readdirp
1629 silly ADD node_modules/is-binary-path
1630 silly ADD node_modules/fsevents
1631 silly ADD node_modules/braces
1632 silly ADD node_modules/anymatch
1633 silly ADD node_modules/sucrase
1634 silly ADD node_modules/resolve
1635 silly ADD node_modules/postcss-selector-parser
1636 silly ADD node_modules/postcss-nested
1637 silly ADD node_modules/postcss-load-config
1638 silly ADD node_modules/postcss-js
1639 silly ADD node_modules/postcss-import
1640 silly ADD node_modules/object-hash
1641 silly ADD node_modules/normalize-path
1642 silly ADD node_modules/micromatch
1643 silly ADD node_modules/lilconfig
1644 silly ADD node_modules/jiti
1645 silly ADD node_modules/is-glob
1646 silly ADD node_modules/glob-parent
1647 silly ADD node_modules/fast-glob
1648 silly ADD node_modules/fast-glob/node_modules/glob-parent
1649 silly ADD node_modules/dlv
1650 silly ADD node_modules/didyoumean
1651 silly ADD node_modules/chokidar
1652 silly ADD node_modules/chokidar/node_modules/glob-parent
1653 silly ADD node_modules/arg
1654 silly ADD node_modules/@alloc/quick-lru
1655 silly ADD node_modules/scheduler
1656 silly ADD node_modules/source-map-js
1657 silly ADD node_modules/nanoid
1658 silly ADD node_modules/yallist
1659 silly ADD node_modules/ms
1660 silly ADD node_modules/update-browserslist-db
1661 silly ADD node_modules/node-releases
1662 silly ADD node_modules/electron-to-chromium
1663 silly ADD node_modules/baseline-browser-mapping
1664 silly ADD node_modules/postcss-value-parser
1665 silly ADD node_modules/normalize-range
1666 silly ADD node_modules/fraction.js
1667 silly ADD node_modules/caniuse-lite
1668 silly ADD node_modules/@types/babel__traverse
1669 silly ADD node_modules/@types/babel__template
1670 silly ADD node_modules/@types/babel__generator
1671 silly ADD node_modules/@jridgewell/resolve-uri
1672 silly ADD node_modules/@jridgewell/sourcemap-codec
1673 silly ADD node_modules/@babel/helper-string-parser
1674 silly ADD node_modules/@babel/helper-globals
1675 silly ADD node_modules/@babel/helper-plugin-utils
1676 silly ADD node_modules/@babel/helper-module-imports
1677 silly ADD node_modules/lru-cache
1678 silly ADD node_modules/browserslist
1679 silly ADD node_modules/@babel/helper-validator-option
1680 silly ADD node_modules/@babel/compat-data
1681 silly ADD node_modules/jsesc
1682 silly ADD node_modules/@jridgewell/trace-mapping
1683 silly ADD node_modules/@jridgewell/gen-mapping
1684 silly ADD node_modules/picocolors
1685 silly ADD node_modules/js-tokens
1686 silly ADD node_modules/@babel/helper-validator-identifier
1687 silly ADD node_modules/semver
1688 silly ADD node_modules/json5
1689 silly ADD node_modules/gensync
1690 silly ADD node_modules/debug
1691 silly ADD node_modules/convert-source-map
1692 silly ADD node_modules/@jridgewell/remapping
1693 silly ADD node_modules/@babel/types
1694 silly ADD node_modules/@babel/traverse
1695 silly ADD node_modules/@babel/template
1696 silly ADD node_modules/@babel/parser
1697 silly ADD node_modules/@babel/helpers
1698 silly ADD node_modules/@babel/helper-module-transforms
1699 silly ADD node_modules/@babel/helper-compilation-targets
1700 silly ADD node_modules/@babel/generator
1701 silly ADD node_modules/@babel/code-frame
1702 silly ADD node_modules/react-refresh
1703 silly ADD node_modules/@types/babel__core
1704 silly ADD node_modules/@rolldown/pluginutils
1705 silly ADD node_modules/@babel/plugin-transform-react-jsx-source
1706 silly ADD node_modules/@babel/plugin-transform-react-jsx-self
1707 silly ADD node_modules/@babel/core
1708 silly ADD node_modules/csstype
1709 silly ADD node_modules/vite
1710 silly ADD node_modules/vite/node_modules/postcss
1711 silly ADD node_modules/vite/node_modules/picomatch
1712 silly ADD node_modules/typescript
1713 silly ADD node_modules/tailwindcss
1714 silly ADD node_modules/react-dom
1715 silly ADD node_modules/react
1716 silly ADD node_modules/postcss
1717 silly ADD node_modules/autoprefixer
1718 silly ADD node_modules/@vitejs/plugin-react
1719 silly ADD node_modules/@types/react-dom
1720 silly ADD node_modules/@types/react
1721 verbose cwd /Users/gersonbarrientos/Documents/GitHub/Mood Brew
1722 verbose os Darwin 25.4.0
1723 verbose node v24.8.0
1724 verbose npm  v11.6.0
1725 notice
1725 notice New [33mminor[39m version of npm available! [33m11.6.0[39m -> [34m11.14.1[39m
1725 notice Changelog: [34mhttps://github.com/npm/cli/releases/tag/v11.14.1[39m
1725 notice To update run: [4mnpm install -g npm@11.14.1[24m
1725 notice  { force: true, Symbol(proc-log.meta): true }
1726 verbose exit 0
1727 info ok
